"","School","link","G","W","L","W.L.","SRS","SOS","X","W.1","L.1","X.1","W.2","L.2","X.2","W.3","L.3","X.3","Tm.","Opp.","X.4","MP","FG","FGA","FG.","X3P","X3PA","X3P.","FT","FTA","FT.","ORB","TRB","AST","STL","BLK","TOV","PF"
"1","Abilene Christian","abilene-christian",35,22,13,0.629,0.09,-5.04,NA,9,7,NA,10,6,NA,10,6,NA,2503,2162,NA,1410,911,2098,0.434,273,885,0.308,408,566,0.721,465,1256,515,369,82,606,566
"2","Air Force","air-force",33,18,15,0.545,-1.42,-2.71,NA,7,11,NA,10,6,NA,5,8,NA,2192,2103,NA,1330,818,2023,0.404,221,688,0.321,335,465,0.72,370,1065,444,343,77,437,524
"3","Akron","akron",31,10,21,0.323,-12.39,-4.7,NA,4,14,NA,7,9,NA,2,12,NA,1941,2100,NA,1240,698,1739,0.401,177,640,0.277,368,528,0.697,380,1155,335,208,86,556,547
"4","Alabama NCAA","alabama",33,24,9,0.727,29.22,14.19,NA,10,6,NA,13,2,NA,6,6,NA,2618,2122,NA,1335,966,2071,0.466,290,753,0.385,396,575,0.689,389,1284,520,278,149,479,538
"5","Alabama A&M","alabama-a-m",32,21,11,0.656,-8.39,-11.35,NA,14,4,NA,8,4,NA,12,5,NA,2049,1954,NA,1280,692,1764,0.392,139,498,0.279,526,780,0.674,375,1070,334,335,62,512,543
"6","Alabama State","alabama-state",30,6,24,0.2,-27.85,-4.21,NA,4,14,NA,5,7,NA,1,15,NA,1470,2115,NA,1203,513,1638,0.313,106,483,0.219,338,482,0.701,386,1072,257,219,82,624,540
"7","Albany (NY)","albany-ny",33,26,7,0.788,0.85,-7.43,NA,14,2,NA,16,1,NA,10,6,NA,2083,1770,NA,1320,812,1793,0.453,196,593,0.331,263,358,0.735,307,1017,439,234,94,420,429
"8","Alcorn State","alcorn-state",32,14,18,0.438,-17.36,-8.76,NA,10,8,NA,8,3,NA,4,14,NA,1907,2091,NA,1289,693,1780,0.389,115,473,0.243,406,609,0.667,354,1049,366,298,99,557,622
"9","American","american",30,1,29,0.033,-26.17,-7.71,NA,1,17,NA,1,13,NA,0,14,NA,1620,2174,NA,1200,588,1668,0.353,156,602,0.259,288,448,0.643,287,1039,355,169,84,523,480
"10","Appalachian State","appalachian-state",30,13,17,0.433,-7.96,-1.04,NA,9,9,NA,8,6,NA,5,10,NA,1956,2039,NA,1200,718,1702,0.422,225,664,0.339,295,430,0.686,305,1085,458,230,64,515,537
"11","Arizona","arizona",33,19,14,0.576,14.79,9.94,NA,10,8,NA,12,6,NA,7,5,NA,2242,2082,NA,1330,833,1912,0.436,200,592,0.338,376,530,0.709,307,1142,446,334,113,537,612
"12","Arizona State","arizona-state",32,10,22,0.313,5.8,12.36,NA,3,15,NA,5,9,NA,3,10,NA,2250,2460,NA,1290,818,1986,0.412,200,577,0.347,414,546,0.758,341,1182,394,220,137,487,647
"13","Arkansas","arkansas",32,10,22,0.313,5.04,15.13,NA,3,13,NA,7,10,NA,3,7,NA,2183,2506,NA,1283,757,1935,0.391,234,782,0.299,435,570,0.763,296,1133,316,165,112,493,436
"14","Arkansas State NCAA","arkansas-state",32,21,11,0.656,0.83,-3.01,NA,15,3,NA,12,2,NA,7,9,NA,2306,2164,NA,1292,801,2118,0.378,334,1047,0.319,370,538,0.688,448,1259,455,337,113,522,551
"15","Arkansas-Pine Bluff","arkansas-pine-bluff",28,3,25,0.107,-26.48,-10.63,NA,1,17,NA,3,9,NA,0,16,NA,1499,1854,NA,1130,560,1581,0.354,107,420,0.255,272,427,0.637,343,994,298,248,67,570,510
"16","Army","army",33,25,8,0.758,-3.48,-8.48,NA,14,4,NA,13,3,NA,12,5,NA,2076,1867,NA,1330,749,1908,0.393,250,756,0.331,328,458,0.716,344,1154,444,242,89,411,469
"17","Auburn","auburn",30,12,18,0.4,15.77,15.84,NA,3,13,NA,8,6,NA,2,10,NA,2030,1940,NA,1205,769,1754,0.438,110,347,0.317,382,557,0.686,364,1010,421,269,94,506,541
"18","Austin Peay","austin-peay",31,13,18,0.419,-10.01,-5.15,NA,7,11,NA,6,6,NA,6,11,NA,1832,1978,NA,1245,698,1636,0.427,138,456,0.303,298,447,0.667,236,964,330,234,93,529,593
"19","Ball State NCAA","ball-state",35,27,8,0.771,11.21,1.06,NA,16,2,NA,13,2,NA,10,3,NA,2538,2116,NA,1405,932,2071,0.45,241,794,0.304,433,589,0.735,343,1310,558,300,140,516,515
"20","Baylor NCAA","baylor",36,28,8,0.778,29.78,12.62,NA,15,3,NA,16,3,NA,8,2,NA,2787,2169,NA,1450,1041,2309,0.451,266,774,0.344,439,655,0.67,486,1477,658,302,168,504,616
"21","Bellarmine","bellarmine",33,18,15,0.545,-8.98,-8.34,NA,8,10,NA,7,7,NA,9,8,NA,2458,2411,NA,1345,827,2116,0.391,248,767,0.323,556,724,0.768,422,1226,432,284,70,484,629
"22","Belmont","belmont",39,26,13,0.667,14.87,7.31,NA,15,5,NA,12,3,NA,10,6,NA,2773,2478,NA,1560,994,2363,0.421,313,950,0.329,472,649,0.727,403,1486,550,330,119,532,652
"23","Bethune-Cookman","bethune-cookman",31,10,21,0.323,-18.81,-11.26,NA,7,11,NA,7,5,NA,2,14,NA,1872,1933,NA,1250,672,1802,0.373,115,422,0.273,413,652,0.633,451,1242,390,306,100,611,551
"24","Binghamton","binghamton",30,15,15,0.5,-11.24,-9.42,NA,7,9,NA,10,5,NA,5,10,NA,1795,1739,NA,1200,653,1587,0.411,170,554,0.307,319,446,0.715,317,1030,357,263,79,465,401
"25","Boise State","boise-state",33,18,15,0.545,2.25,1.09,NA,7,11,NA,13,3,NA,2,8,NA,2293,2175,NA,1325,845,1987,0.425,229,683,0.335,374,504,0.742,365,1209,501,224,182,479,528
"26","Boston College","boston-college",34,16,18,0.471,12.65,10.47,NA,6,12,NA,12,5,NA,3,10,NA,2486,2412,NA,1365,896,2170,0.413,217,647,0.335,477,630,0.757,499,1268,499,317,89,564,574
"27","Boston University","boston-university",31,12,19,0.387,-13.91,-7.26,NA,5,13,NA,7,8,NA,5,11,NA,1789,1995,NA,1240,649,1565,0.415,161,486,0.331,330,473,0.698,262,963,378,207,110,513,464
"28","Bowling Green","bowling-green",31,18,13,0.581,1.6,-2.05,NA,11,7,NA,11,2,NA,5,10,NA,2223,2110,NA,1250,798,1779,0.449,234,656,0.357,393,540,0.728,357,1123,498,234,78,500,530
"29","Bradley","bradley",33,14,19,0.424,-4.44,-1.41,NA,7,13,NA,8,6,NA,4,12,NA,1932,1991,NA,1320,702,1785,0.393,214,716,0.299,314,436,0.72,251,1119,418,210,95,520,500
"30","Brigham Young","brigham-young",30,13,17,0.433,10.72,11.42,NA,4,14,NA,8,7,NA,4,8,NA,2037,2058,NA,1215,759,1786,0.425,242,707,0.342,277,397,0.698,308,1122,459,214,114,510,555
"31","Brown","brown",27,12,15,0.444,-3.89,0.92,NA,6,8,NA,7,6,NA,4,8,NA,1623,1691,NA,1085,573,1518,0.377,195,676,0.288,282,377,0.748,278,902,312,206,72,409,446
"32","Bryant","bryant",32,17,15,0.531,-10.68,-8.64,NA,9,7,NA,11,4,NA,6,10,NA,1855,1895,NA,1280,712,1716,0.415,167,564,0.296,264,401,0.658,349,1111,425,194,84,550,492
"33","Bucknell","bucknell",31,17,14,0.548,-4.93,-7,NA,11,7,NA,10,4,NA,7,10,NA,1883,1819,NA,1260,703,1659,0.424,198,561,0.353,279,387,0.721,258,1016,422,172,137,443,437
"34","Buffalo","buffalo",37,30,7,0.811,5.76,-4.78,NA,13,5,NA,18,2,NA,11,4,NA,2735,2267,NA,1485,1007,2196,0.459,166,512,0.324,555,730,0.76,355,1272,626,394,82,526,701
"35","Butler","butler",34,16,18,0.471,5.31,6.87,NA,5,13,NA,11,6,NA,3,10,NA,2110,2163,NA,1380,744,1749,0.425,225,681,0.33,397,554,0.717,346,1095,488,231,89,610,481
"36","Cal Poly","cal-poly",32,14,18,0.438,-9.7,-4.33,NA,8,12,NA,6,8,NA,7,9,NA,1844,1927,NA,1280,677,1751,0.387,188,595,0.316,302,404,0.748,343,1107,398,268,73,593,571
"37","Cal State Bakersfield","cal-state-bakersfield",30,2,28,0.067,-23.39,-5.99,NA,2,18,NA,1,13,NA,1,15,NA,1497,2019,NA,1199,564,1616,0.349,158,585,0.27,211,350,0.603,249,1033,278,177,113,566,496
"38","Cal State Fullerton","cal-state-fullerton",30,7,23,0.233,-17.11,-7.83,NA,5,15,NA,4,10,NA,3,13,NA,1753,1912,NA,1210,635,1708,0.372,115,413,0.278,368,535,0.688,308,1003,299,231,90,445,497
"39","Cal State Northridge","cal-state-northridge",29,4,25,0.138,-26.01,-6.15,NA,2,18,NA,2,12,NA,2,13,NA,1607,2149,NA,1170,555,1684,0.33,197,725,0.272,300,449,0.668,327,1118,311,214,73,594,466
"40","California NCAA","california",34,25,9,0.735,22.51,14.01,NA,12,6,NA,16,1,NA,7,5,NA,2479,2190,NA,1360,890,1965,0.453,297,856,0.347,402,559,0.719,364,1304,515,213,110,620,576
"41","California Baptist","california-baptist",31,12,19,0.387,-9.41,-1.83,NA,9,7,NA,6,8,NA,6,9,NA,2044,2279,NA,1240,731,1781,0.41,261,809,0.323,321,512,0.627,272,1125,461,184,115,508,558
"42","Campbell","campbell",35,22,13,0.629,-1.89,-5.92,NA,12,6,NA,12,2,NA,6,10,NA,2271,2049,NA,1405,850,2096,0.406,225,774,0.291,346,533,0.649,427,1326,483,271,100,470,484
"43","Canisius","canisius",31,10,21,0.323,-18.94,-9.26,NA,9,11,NA,5,10,NA,5,10,NA,1707,2007,NA,1244,607,1567,0.387,154,541,0.285,339,473,0.717,316,1087,328,190,56,706,498
"44","Central Arkansas","central-arkansas",33,23,10,0.697,-4.18,-5.86,NA,15,3,NA,14,2,NA,9,6,NA,2266,2067,NA,1320,812,1896,0.428,254,773,0.329,388,557,0.697,370,1262,408,221,149,492,504
"45","Central Connecticut State","central-connecticut-state",30,11,19,0.367,-21.13,-13.86,NA,10,6,NA,7,8,NA,4,11,NA,1838,2008,NA,1205,677,1727,0.392,158,508,0.311,326,464,0.703,328,1065,352,180,74,453,505
"46","Central Michigan","central-michigan",31,14,17,0.452,-4.82,-1.68,NA,9,9,NA,7,7,NA,6,8,NA,1996,2079,NA,1250,721,1887,0.382,154,492,0.313,400,581,0.688,493,1332,344,182,60,582,565
"47","Charleston Southern","charleston-southern",30,14,16,0.467,-17.62,-9.16,NA,10,6,NA,7,6,NA,7,9,NA,1719,1973,NA,1200,638,1724,0.37,169,645,0.262,274,398,0.688,364,1116,340,201,82,568,453
"48","Charlotte","charlotte",32,11,21,0.344,-8.32,-0.57,NA,4,14,NA,5,9,NA,4,10,NA,1892,2140,NA,1286,670,1825,0.367,148,564,0.262,404,576,0.701,400,1136,349,257,100,546,575
"49","Chattanooga","chattanooga",32,17,15,0.531,-3.97,-4.9,NA,9,5,NA,10,5,NA,5,8,NA,1955,1811,NA,1290,723,1743,0.415,206,663,0.311,303,417,0.727,281,1080,386,255,92,490,512
"50","Chicago State","chicago-state",33,7,26,0.212,-24.57,-8.7,NA,6,10,NA,5,10,NA,2,15,NA,1999,2523,NA,1354,758,2099,0.361,158,612,0.258,325,469,0.693,385,1146,375,270,87,536,619
"51","Cincinnati","cincinnati",29,15,14,0.517,10.46,11.91,NA,7,11,NA,9,6,NA,5,6,NA,1902,1944,NA,1165,641,1735,0.369,132,501,0.263,488,676,0.722,380,1054,320,213,98,373,485
"52","Clemson","clemson",31,14,17,0.452,15.18,13.21,NA,6,12,NA,9,7,NA,2,7,NA,2045,1984,NA,1250,760,1768,0.43,228,658,0.347,297,402,0.739,288,1085,462,176,90,426,508
"53","Cleveland State","cleveland-state",37,27,10,0.73,3.77,-5.9,NA,14,6,NA,15,2,NA,8,7,NA,2757,2263,NA,1490,950,2010,0.473,253,738,0.343,604,782,0.772,338,1400,587,268,138,562,517
"54","Coastal Carolina","coastal-carolina",32,23,9,0.719,3.74,-3.79,NA,12,6,NA,14,3,NA,8,5,NA,2379,2072,NA,1285,880,2034,0.433,240,811,0.296,379,568,0.667,372,1201,442,348,97,491,560
"55","Colgate","colgate",33,23,10,0.697,-1.05,-9.86,NA,13,5,NA,13,4,NA,10,5,NA,2246,1907,NA,1330,818,1898,0.431,215,645,0.333,395,498,0.793,338,1103,471,244,55,410,494
"56","College of Charleston","college-of-charleston",33,25,8,0.758,5.74,-8.67,NA,14,4,NA,14,2,NA,9,5,NA,2466,1907,NA,1330,895,2228,0.402,241,794,0.304,435,596,0.73,538,1326,448,409,104,442,573
"57","Colorado","colorado",34,21,13,0.618,15.17,11.14,NA,9,9,NA,15,3,NA,3,9,NA,2331,2194,NA,1365,881,1895,0.465,217,622,0.349,352,490,0.718,363,1237,548,254,97,615,595
"58","Colorado State","colorado-state",32,22,10,0.688,7.29,1.29,NA,13,5,NA,12,5,NA,8,2,NA,2191,1934,NA,1283,772,1822,0.424,252,724,0.348,395,505,0.782,201,1074,451,218,92,278,435
"59","Columbia NCAA","columbia",31,24,7,0.774,16.34,2.92,NA,13,1,NA,10,1,NA,10,2,NA,2252,1836,NA,1245,848,1950,0.435,241,762,0.316,315,507,0.621,497,1219,518,302,62,431,490
"60","Connecticut NCAA","connecticut",40,37,3,0.925,45.67,16.12,NA,18,0,NA,15,1,NA,10,2,NA,3269,2087,NA,1600,1280,2513,0.509,343,899,0.382,366,478,0.766,396,1480,833,455,163,424,517
"61","Coppin State","coppin-state",34,19,15,0.559,-6.26,-5.75,NA,8,6,NA,7,4,NA,10,8,NA,2145,2160,NA,1380,790,2051,0.385,230,763,0.301,335,516,0.649,419,1259,453,308,73,517,542
"62","Cornell","cornell",27,7,20,0.259,-9.54,-2.32,NA,3,11,NA,3,8,NA,4,12,NA,1423,1618,NA,1085,554,1392,0.398,91,351,0.259,224,314,0.713,233,885,339,129,50,425,376
"63","Creighton NCAA","creighton",33,26,7,0.788,21.85,13.79,NA,16,2,NA,11,1,NA,11,3,NA,2365,2099,NA,1320,890,1980,0.449,299,820,0.365,286,358,0.799,277,1104,558,223,83,372,468
"64","Dartmouth","dartmouth",27,8,19,0.296,-15.12,-2.44,NA,2,12,NA,3,11,NA,5,8,NA,1464,1682,NA,1085,564,1496,0.377,147,533,0.276,189,306,0.618,287,886,296,179,61,416,339
"65","Davidson","davidson",33,19,14,0.576,7.11,2.93,NA,13,5,NA,11,3,NA,7,8,NA,2069,1904,NA,1320,757,1827,0.414,250,728,0.343,305,440,0.693,352,1141,365,199,135,495,622
"66","Dayton","dayton",31,18,13,0.581,0.02,-1.34,NA,11,7,NA,12,5,NA,5,5,NA,1979,1937,NA,1240,715,1733,0.413,164,530,0.309,385,547,0.704,369,1169,396,231,84,576,572
"67","Delaware","delaware",30,13,17,0.433,-8.67,-7.47,NA,9,9,NA,6,7,NA,5,8,NA,1893,1929,NA,1210,689,1657,0.416,206,576,0.358,309,454,0.681,280,1032,390,232,76,508,491
"68","Delaware State","delaware-state",29,5,24,0.172,-32.12,-8.36,NA,1,13,NA,5,9,NA,0,14,NA,1580,2079,NA,1165,540,1569,0.344,141,508,0.278,359,505,0.711,328,993,264,244,96,596,449
"69","Denver","denver",30,9,21,0.3,-8.38,-3.23,NA,2,14,NA,8,9,NA,1,11,NA,1914,2024,NA,1215,644,1656,0.389,211,726,0.291,415,530,0.783,245,934,339,224,50,407,486
"70","DePaul","depaul",32,13,19,0.406,4.77,9.99,NA,8,10,NA,8,8,NA,5,8,NA,2085,2252,NA,1290,761,1942,0.392,161,535,0.301,402,544,0.739,418,1191,484,214,83,513,586
"71","Detroit Mercy","detroit-mercy",30,15,15,0.5,-11.61,-4.4,NA,8,12,NA,11,5,NA,4,10,NA,1916,2099,NA,1210,701,1723,0.407,159,556,0.286,355,502,0.707,305,1016,311,276,49,542,572
"72","Drake","drake",34,22,12,0.647,11.45,3.48,NA,15,5,NA,10,5,NA,10,4,NA,2652,2381,NA,1370,959,2074,0.462,342,986,0.347,392,512,0.766,388,1354,664,257,131,578,514
"73","Drexel","drexel",30,17,13,0.567,-6.57,-5.53,NA,12,6,NA,12,2,NA,4,9,NA,1781,1770,NA,1215,687,1732,0.397,167,600,0.278,240,338,0.71,358,1025,483,236,95,451,418
"74","Duke NCAA","duke",37,29,8,0.784,35.41,19.44,NA,14,4,NA,15,1,NA,8,6,NA,2681,2090,NA,1490,1031,2338,0.441,225,665,0.338,394,578,0.682,550,1449,610,377,155,550,604
"75","Duquesne","duquesne",34,21,13,0.618,3.7,-1.75,NA,9,9,NA,13,5,NA,7,7,NA,2446,2226,NA,1360,863,2107,0.41,341,1059,0.322,379,568,0.667,347,1212,497,349,88,508,622
"76","East Carolina","east-carolina",32,17,15,0.531,2.71,1.53,NA,8,10,NA,10,5,NA,6,8,NA,2008,1970,NA,1295,739,1899,0.389,128,446,0.287,402,590,0.681,469,1247,442,309,138,609,561
"77","East Tennessee State","east-tennessee-state",30,17,13,0.567,-5.18,-6.72,NA,8,6,NA,11,3,NA,5,9,NA,1796,1675,NA,1205,654,1703,0.384,202,638,0.317,286,396,0.722,330,1007,327,232,100,422,436
"78","East Texas A&M","east-texas-a-m",29,7,22,0.241,-16.1,-4.8,NA,4,16,NA,4,9,NA,3,12,NA,1823,2032,NA,1170,674,1752,0.385,213,650,0.328,262,364,0.72,266,1027,398,191,104,446,493
"79","Eastern Illinois","eastern-illinois",30,18,12,0.6,-2.81,-4.51,NA,15,5,NA,13,0,NA,5,11,NA,1880,1829,NA,1205,715,1723,0.415,132,481,0.274,318,443,0.718,348,1092,421,293,115,524,533
"80","Eastern Kentucky","eastern-kentucky",33,21,12,0.636,-3.72,-7.34,NA,10,8,NA,11,4,NA,10,8,NA,2391,2174,NA,1325,868,2054,0.423,225,652,0.345,430,572,0.752,375,1285,508,246,91,497,599
"81","Eastern Michigan","eastern-michigan",29,2,27,0.069,-17.42,-0.73,NA,1,17,NA,1,13,NA,1,13,NA,1740,2224,NA,1170,608,1586,0.383,217,715,0.303,307,441,0.696,287,911,314,163,55,509,478
"82","Eastern Washington","eastern-washington",31,11,20,0.355,-5.86,-0.93,NA,7,11,NA,9,6,NA,2,12,NA,2011,2053,NA,1250,743,1964,0.378,175,600,0.292,350,484,0.723,377,1220,376,251,89,456,493
"83","Elon","elon",30,15,15,0.5,-10.54,-5.68,NA,9,9,NA,8,6,NA,7,8,NA,1754,1851,NA,1205,665,1766,0.377,113,458,0.247,311,482,0.645,393,1100,336,279,94,515,528
"84","Evansville","evansville",32,7,25,0.219,-15.23,-1,NA,3,17,NA,7,7,NA,0,15,NA,1972,2380,NA,1285,649,1793,0.362,204,662,0.308,470,615,0.764,307,1125,369,221,79,629,584
"85","Fairfield NCAA","fairfield",33,28,5,0.848,10.28,-5.72,NA,19,1,NA,13,1,NA,12,3,NA,2373,1814,NA,1320,900,1957,0.46,290,880,0.33,281,391,0.719,323,1135,576,291,99,456,508
"86","FDU NCAA","fdu",33,29,4,0.879,-5.12,-15.7,NA,16,0,NA,17,0,NA,12,4,NA,2212,1823,NA,1320,807,1931,0.418,262,765,0.342,336,442,0.76,399,1231,472,194,49,385,425
"87","Florida","florida",37,19,18,0.514,17.66,14.31,NA,5,11,NA,12,7,NA,5,6,NA,2761,2637,NA,1480,1024,2271,0.451,209,649,0.322,504,689,0.731,452,1462,536,269,145,631,636
"88","Florida A&M","florida-a-m",30,9,21,0.3,-14.23,-10.12,NA,6,12,NA,6,7,NA,3,13,NA,1949,2002,NA,1220,722,1767,0.409,134,429,0.312,371,552,0.672,451,1180,324,277,111,631,597
"89","Florida Atlantic","florida-atlantic",32,11,21,0.344,-6.51,-0.89,NA,3,15,NA,7,8,NA,2,12,NA,1925,2105,NA,1290,706,1919,0.368,217,684,0.317,296,487,0.608,394,1233,401,231,84,518,445
"90","Florida Gulf Coast NCAA","florida-gulf-coast",34,30,4,0.882,10.52,-5.26,NA,18,0,NA,19,1,NA,9,3,NA,2438,1835,NA,1360,869,2022,0.43,293,888,0.33,407,597,0.682,406,1258,460,335,65,423,509
"91","Florida International","florida-international",30,11,19,0.367,-9.08,-2.67,NA,7,11,NA,8,9,NA,2,9,NA,1919,1998,NA,1199,702,1582,0.444,142,471,0.301,373,583,0.64,370,1031,373,267,61,689,538
"92","Florida State NCAA","florida-state",33,24,9,0.727,28.31,13.1,NA,13,5,NA,13,3,NA,7,5,NA,2868,2366,NA,1321,1041,2337,0.445,286,829,0.345,500,638,0.784,417,1327,445,298,192,366,555
"93","Fordham","fordham",30,15,15,0.5,-3.84,-2.94,NA,9,9,NA,10,4,NA,5,9,NA,1800,1834,NA,1205,664,1771,0.375,136,527,0.258,336,509,0.66,459,1167,348,270,96,543,580
"94","Fresno State","fresno-state",34,19,15,0.559,-2.6,0.28,NA,8,10,NA,10,7,NA,6,6,NA,2153,2196,NA,1370,739,1923,0.384,267,793,0.337,408,543,0.751,348,1164,411,213,87,457,511
"95","Furman","furman",32,16,16,0.5,-10.42,-7.77,NA,5,9,NA,8,4,NA,6,9,NA,2168,2066,NA,1300,793,1924,0.412,172,601,0.286,410,601,0.682,447,1262,445,289,81,552,603
"96","Gardner-Webb","gardner-webb",29,11,18,0.379,-18.72,-13.3,NA,8,8,NA,7,5,NA,4,12,NA,1918,2049,NA,1175,662,1751,0.378,210,713,0.295,384,496,0.774,341,1067,315,183,59,439,460
"97","George Mason NCAA","george-mason",33,27,6,0.818,15.16,0.98,NA,14,4,NA,14,1,NA,10,3,NA,2418,1909,NA,1320,860,2029,0.424,236,648,0.364,462,636,0.726,432,1254,439,303,126,386,500
"98","George Washington","george-washington",31,13,18,0.419,-8.41,-3.57,NA,5,13,NA,6,9,NA,5,7,NA,1807,1901,NA,1245,650,1670,0.389,131,484,0.271,376,568,0.662,396,1239,304,176,112,552,535
"99","Georgetown","georgetown",31,12,19,0.387,6.38,10.08,NA,4,14,NA,5,8,NA,5,8,NA,1929,1983,NA,1245,687,1731,0.397,197,607,0.325,358,464,0.772,357,1088,342,221,67,474,471
"100","Georgia","georgia",32,13,19,0.406,9.33,13.65,NA,4,12,NA,9,8,NA,1,8,NA,2043,2181,NA,1285,765,1891,0.405,153,493,0.31,360,525,0.686,378,1173,364,267,68,518,545
"101","Georgia Southern","georgia-southern",34,16,18,0.471,-5.58,-5.4,NA,6,12,NA,8,6,NA,4,10,NA,2260,2234,NA,1380,857,2071,0.414,172,546,0.315,374,574,0.652,472,1324,471,303,116,566,622
"102","Georgia State","georgia-state",33,17,16,0.515,-6.1,-0.97,NA,8,10,NA,9,7,NA,6,8,NA,2150,2229,NA,1345,751,1953,0.385,230,742,0.31,418,583,0.717,276,1051,368,379,153,481,564
"103","Georgia Tech NCAA","georgia-tech",33,22,11,0.667,24.52,13.1,NA,9,9,NA,14,4,NA,5,5,NA,2510,2133,NA,1330,959,2185,0.439,258,815,0.317,334,446,0.749,422,1289,579,253,81,392,456
"104","Gonzaga","gonzaga",35,24,11,0.686,7.54,3.54,NA,17,3,NA,13,3,NA,11,4,NA,2393,2253,NA,1425,882,2016,0.438,257,704,0.365,372,511,0.728,448,1378,565,238,110,598,548
"105","Grambling","grambling",30,15,15,0.5,-12.83,-8.24,NA,12,6,NA,8,3,NA,7,10,NA,2005,1972,NA,1200,726,2020,0.359,109,410,0.266,444,682,0.651,548,1269,338,368,87,549,589
"106","Grand Canyon NCAA","grand-canyon",35,32,3,0.914,12.38,-4.59,NA,16,0,NA,19,0,NA,9,3,NA,2685,2002,NA,1400,1013,2074,0.488,257,685,0.375,402,557,0.722,345,1146,593,452,98,542,634
"107","Green Bay NCAA","green-bay",35,29,6,0.829,8.59,-1.99,NA,19,1,NA,14,2,NA,11,2,NA,2392,1977,NA,1405,882,2019,0.437,233,661,0.352,395,503,0.785,336,1196,615,250,68,397,444
"108","Hampton","hampton",31,8,23,0.258,-17.41,-6.84,NA,3,15,NA,4,10,NA,3,10,NA,1808,2115,NA,1250,677,1819,0.372,135,523,0.258,319,513,0.622,351,1009,371,300,85,509,533
"109","Harvard NCAA","harvard",29,24,5,0.828,16.91,1.02,NA,11,3,NA,10,2,NA,12,2,NA,1994,1533,NA,1165,746,1778,0.42,208,688,0.302,294,393,0.748,387,1036,361,309,107,359,495
"110","Hawaii","hawaii",32,22,10,0.688,0.22,-5.94,NA,16,4,NA,14,2,NA,8,6,NA,1897,1700,NA,1290,660,1716,0.385,192,694,0.277,385,518,0.743,313,1205,359,230,141,504,457
"111","High Point NCAA","high-point",33,21,12,0.636,-6.49,-12.81,NA,13,3,NA,10,3,NA,8,5,NA,2214,1929,NA,1320,793,1830,0.433,224,727,0.308,404,546,0.74,271,1063,420,325,107,523,486
"112","Hofstra","hofstra",30,14,16,0.467,-11.74,-7.97,NA,9,9,NA,8,6,NA,6,9,NA,1751,1864,NA,1225,650,1767,0.368,168,553,0.304,283,436,0.649,422,1206,317,190,65,503,514
"113","Holy Cross","holy-cross",31,19,12,0.613,-3,-6.32,NA,11,7,NA,8,5,NA,11,7,NA,1882,1779,NA,1245,713,1726,0.413,174,556,0.313,282,377,0.748,284,1090,466,193,99,463,412
"114","Houston","houston",30,5,25,0.167,1.03,10.93,NA,1,17,NA,5,10,NA,0,12,NA,1759,2056,NA,1205,620,1733,0.358,179,615,0.291,340,475,0.716,287,954,300,270,102,432,440
"115","Houston Christian","houston-christian",29,6,23,0.207,-19.14,-2.91,NA,3,17,NA,6,9,NA,0,14,NA,1425,1848,NA,1165,537,1519,0.354,98,407,0.241,253,367,0.689,257,1009,274,187,96,562,435
"116","Howard","howard",34,22,12,0.647,-4.18,-9.36,NA,12,2,NA,10,4,NA,10,6,NA,2233,2057,NA,1360,796,2076,0.383,196,644,0.304,445,661,0.673,484,1360,419,290,138,525,573
"117","Idaho","idaho",30,18,12,0.6,-0.23,-4.27,NA,10,8,NA,10,4,NA,8,7,NA,1976,1798,NA,1200,731,1859,0.393,192,631,0.304,322,418,0.77,368,1274,396,185,92,436,489
"118","Idaho State","idaho-state",31,14,17,0.452,-5.08,0.27,NA,8,10,NA,8,5,NA,4,10,NA,1919,2014,NA,1271,734,1815,0.404,154,458,0.336,297,455,0.653,396,1160,383,263,109,501,536
"119","Illinois NCAA","illinois",32,22,10,0.688,23.36,14.71,NA,11,7,NA,14,3,NA,6,5,NA,2250,1973,NA,1286,802,1847,0.434,182,529,0.344,464,585,0.793,323,1172,462,171,77,404,463
"120","Illinois State","illinois-state",37,24,13,0.649,4.49,-1.37,NA,14,6,NA,14,4,NA,7,7,NA,2812,2551,NA,1480,1038,2128,0.488,252,655,0.385,484,703,0.688,336,1335,598,192,95,489,493
"121","Illinois-Chicago","illinois-chicago",33,15,18,0.455,3.01,2.01,NA,10,10,NA,10,6,NA,4,11,NA,2187,2095,NA,1320,820,1915,0.428,178,545,0.327,369,527,0.7,375,1131,477,282,86,485,543
"122","Incarnate Word","incarnate-word",32,18,14,0.563,-7.54,-3.54,NA,12,8,NA,11,5,NA,6,8,NA,1959,1910,NA,1286,714,1800,0.397,150,510,0.294,381,531,0.718,378,1142,406,322,105,531,512
"123","Indiana NCAA","indiana",33,20,13,0.606,23.52,17.77,NA,10,8,NA,11,5,NA,5,6,NA,2308,2118,NA,1325,823,1813,0.454,256,702,0.365,406,514,0.79,221,1086,549,210,117,474,568
"124","Indiana State","indiana-state",32,4,28,0.125,-11.39,0.98,NA,2,18,NA,1,11,NA,3,15,NA,2104,2500,NA,1280,760,1994,0.381,168,547,0.307,416,607,0.685,405,1242,355,218,124,549,542
"125","Iona","iona",32,11,21,0.344,-16.7,-9.51,NA,8,12,NA,7,7,NA,3,11,NA,1780,2010,NA,1280,673,1842,0.365,211,704,0.3,223,301,0.741,328,1036,397,235,100,501,517
"126","Iowa NCAA","iowa",34,23,11,0.676,27.05,18.4,NA,10,8,NA,10,4,NA,6,5,NA,2531,2237,NA,1370,933,2012,0.464,250,709,0.353,415,578,0.718,350,1301,614,245,111,546,562
"127","Iowa State NCAA","iowa-state",35,23,12,0.657,22.92,13.35,NA,12,6,NA,15,2,NA,5,6,NA,2687,2352,NA,1405,959,2024,0.474,285,793,0.359,484,664,0.729,291,1322,675,204,107,506,506
"128","IU Indy","iu-indy",30,9,21,0.3,-12.91,-5.51,NA,8,12,NA,6,7,NA,3,12,NA,1901,2123,NA,1205,657,1630,0.403,186,577,0.322,401,547,0.733,254,957,357,233,84,518,513
"129","Jackson State","jackson-state",31,16,15,0.516,-14.53,-10.05,NA,13,5,NA,7,2,NA,8,10,NA,1829,1968,NA,1240,618,1698,0.364,168,535,0.314,425,588,0.723,348,1121,314,234,91,559,533
"130","Jacksonville","jacksonville",31,14,17,0.452,-8.05,-4.02,NA,8,10,NA,10,3,NA,4,12,NA,2130,2230,NA,1245,727,1877,0.387,127,445,0.285,549,787,0.698,422,1198,302,195,82,479,607
"131","Jacksonville State","jacksonville-state",30,10,20,0.333,-6.86,-2.25,NA,4,14,NA,9,6,NA,1,13,NA,1781,1807,NA,1210,630,1722,0.366,240,801,0.3,281,416,0.675,315,1037,359,208,76,472,498
"132","James Madison","james-madison",36,30,6,0.833,11.76,2.2,NA,18,0,NA,16,2,NA,12,2,NA,2631,2287,NA,1455,955,2227,0.429,195,663,0.294,526,714,0.737,437,1536,425,271,93,525,566
"133","Kansas","kansas",30,16,14,0.533,12.14,13.21,NA,6,12,NA,10,6,NA,3,6,NA,1971,2003,NA,1205,668,1586,0.421,197,560,0.352,438,587,0.746,201,947,349,220,79,432,521
"134","Kansas City","kansas-city",33,12,21,0.364,-10.88,-1.48,NA,7,9,NA,7,6,NA,4,13,NA,2165,2317,NA,1325,825,2035,0.405,129,439,0.294,386,584,0.661,438,1225,363,287,81,540,658
"135","Kansas State NCAA","kansas-state",36,28,8,0.778,33.23,13.15,NA,13,5,NA,17,1,NA,7,4,NA,2842,2119,NA,1450,1085,2233,0.486,307,795,0.386,365,507,0.72,366,1411,763,307,206,467,495
"136","Kennesaw State","kennesaw-state",31,13,18,0.419,-6.72,-1.92,NA,7,11,NA,8,6,NA,4,11,NA,1929,1999,NA,1246,701,1795,0.391,128,492,0.26,399,571,0.699,340,1097,374,255,95,516,560
"137","Kent State","kent-state",33,21,12,0.636,4.3,-1.13,NA,12,6,NA,12,3,NA,7,7,NA,2411,2089,NA,1325,848,1939,0.437,256,715,0.358,459,588,0.781,346,1296,519,203,98,507,464
"138","Kentucky NCAA","kentucky",31,23,8,0.742,29,16.49,NA,11,5,NA,15,3,NA,6,4,NA,2353,1965,NA,1250,879,1959,0.449,251,788,0.319,344,440,0.782,324,1229,516,166,218,402,499
"139","La Salle","la-salle",33,10,23,0.303,-12.41,-0.31,NA,3,15,NA,5,9,NA,3,12,NA,1869,2207,NA,1320,717,1962,0.365,146,586,0.249,289,457,0.632,429,1201,391,313,68,596,545
"140","Lafayette","lafayette",31,10,21,0.323,-16.44,-6.06,NA,6,12,NA,6,9,NA,4,12,NA,1747,2069,NA,1240,668,1671,0.4,190,559,0.34,221,293,0.754,227,964,364,149,62,434,368
"141","Lamar","lamar",30,22,8,0.733,4.28,-4.44,NA,17,3,NA,13,1,NA,8,5,NA,2024,1682,NA,1205,761,1750,0.435,133,392,0.339,369,516,0.715,404,1130,424,253,77,452,494
"142","Le Moyne","le-moyne",31,7,24,0.226,-27.19,-12.1,NA,6,10,NA,6,7,NA,1,15,NA,1670,2138,NA,1250,562,1593,0.353,196,626,0.313,350,465,0.753,282,1007,302,163,54,530,425
"143","Lehigh NCAA","lehigh",34,27,7,0.794,1.89,-6.75,NA,15,3,NA,17,1,NA,10,6,NA,2324,1980,NA,1365,811,1845,0.44,265,816,0.325,437,541,0.808,274,1075,489,336,84,512,509
"144","Liberty NCAA","liberty",33,26,7,0.788,9.8,1.41,NA,16,2,NA,13,1,NA,8,5,NA,2379,1988,NA,1320,890,1930,0.461,267,724,0.369,332,439,0.756,394,1286,507,211,152,555,521
"145","Lindenwood","lindenwood",34,23,11,0.676,-2.93,-6.26,NA,16,4,NA,14,2,NA,8,8,NA,2348,2212,NA,1370,821,1893,0.434,209,648,0.323,497,659,0.754,327,1172,477,251,100,536,580
"146","Lipscomb","lipscomb",32,20,12,0.625,-5.47,-7.34,NA,12,6,NA,14,3,NA,6,9,NA,2385,2204,NA,1290,880,1977,0.445,306,895,0.342,319,436,0.732,300,1116,412,238,77,428,473
"147","Little Rock","little-rock",30,14,16,0.467,-8.54,-2.99,NA,12,8,NA,8,6,NA,6,9,NA,1863,1979,NA,1210,689,1723,0.4,89,347,0.256,396,577,0.686,327,996,301,233,79,438,547
"148","Long Beach State","long-beach-state",30,16,14,0.533,-8.91,-5.84,NA,12,8,NA,9,6,NA,7,7,NA,2046,2062,NA,1215,743,1950,0.381,170,601,0.283,390,560,0.696,444,1275,399,264,128,489,560
"149","Long Island University","long-island-university",30,6,24,0.2,-29.56,-15.43,NA,3,13,NA,6,9,NA,0,15,NA,1601,2025,NA,1224,600,1641,0.366,152,567,0.268,249,387,0.643,312,952,274,214,72,551,546
"150","Longwood","longwood",34,22,12,0.647,-10.17,-15.53,NA,11,5,NA,10,5,NA,10,6,NA,2341,2016,NA,1365,891,2124,0.419,149,493,0.302,410,585,0.701,440,1264,455,460,75,619,574
"151","Louisiana","louisiana",29,13,16,0.448,-1.21,-1.17,NA,9,9,NA,11,4,NA,2,9,NA,1813,1790,NA,1175,669,1670,0.401,105,321,0.327,370,518,0.714,323,997,226,225,47,475,495
"152","Louisiana State NCAA","louisiana-state",37,31,6,0.838,35.31,16.25,NA,12,4,NA,19,1,NA,6,3,NA,3136,2431,NA,1490,1179,2579,0.457,180,530,0.34,598,812,0.736,626,1704,567,360,156,539,673
"153","Louisiana Tech","louisiana-tech",34,18,16,0.529,-3.19,-0.66,NA,8,10,NA,15,3,NA,2,12,NA,2259,2225,NA,1360,782,1857,0.421,182,590,0.308,513,729,0.704,414,1297,363,229,104,642,594
"154","Louisiana-Monroe","louisiana-monroe",30,11,19,0.367,-5.7,-0.49,NA,7,11,NA,7,6,NA,3,11,NA,2028,2098,NA,1200,735,1883,0.39,146,484,0.302,412,562,0.733,381,1142,374,238,103,413,481
"155","Louisville NCAA","louisville",33,22,11,0.667,22.61,18.31,NA,13,5,NA,9,4,NA,10,4,NA,2371,2229,NA,1335,885,2079,0.426,197,622,0.317,404,565,0.715,472,1201,478,303,61,514,597
"156","Loyola (IL)","loyola-il",30,13,17,0.433,-11.19,-3.94,NA,5,13,NA,8,9,NA,5,7,NA,1744,1919,NA,1205,617,1626,0.379,198,665,0.298,312,437,0.714,314,927,392,231,72,525,555
"157","Loyola (MD)","loyola-md",30,9,21,0.3,-13.86,-7.55,NA,3,15,NA,5,9,NA,4,12,NA,1692,1831,NA,1204,655,1594,0.411,143,478,0.299,239,389,0.614,306,971,354,213,72,493,498
"158","Loyola Marymount","loyola-marymount",30,14,16,0.467,-6.12,-1.37,NA,7,13,NA,7,7,NA,6,8,NA,1894,1929,NA,1210,683,1770,0.386,201,637,0.316,327,443,0.738,308,956,355,219,70,359,455
"159","Maine","maine",31,15,16,0.484,-7.6,-5.47,NA,9,7,NA,10,4,NA,4,12,NA,1807,1814,NA,1240,679,1645,0.413,254,767,0.331,195,272,0.717,277,964,459,191,44,439,479
"160","Manhattan","manhattan",31,16,15,0.516,-7.8,-10.64,NA,9,11,NA,9,4,NA,5,10,NA,1913,1825,NA,1245,728,1714,0.425,160,539,0.297,297,408,0.728,316,1144,491,228,145,537,456
"161","Marist","marist",31,16,15,0.516,-11.16,-10.09,NA,11,9,NA,8,5,NA,7,9,NA,1795,1828,NA,1250,636,1655,0.384,212,694,0.305,311,416,0.748,267,1080,405,203,123,499,452
"162","Marquette","marquette",32,21,11,0.656,13.28,6.93,NA,12,6,NA,13,2,NA,7,8,NA,2147,1895,NA,1285,799,1865,0.428,165,537,0.307,384,493,0.779,362,1199,506,273,143,516,479
"163","Marshall","marshall",35,15,20,0.429,-4.16,-0.95,NA,6,12,NA,7,9,NA,3,9,NA,2368,2378,NA,1415,784,2049,0.383,320,1003,0.319,480,683,0.703,464,1281,441,335,99,585,595
"164","Maryland NCAA","maryland",33,25,8,0.758,26.37,16.33,NA,13,5,NA,13,4,NA,10,1,NA,2658,2327,NA,1335,940,2035,0.462,207,574,0.361,571,745,0.766,443,1333,481,228,117,539,566
"165","Maryland-Baltimore County","maryland-baltimore-county",29,14,15,0.483,-14.12,-8.19,NA,7,9,NA,9,5,NA,4,10,NA,1661,1714,NA,1160,578,1522,0.38,160,527,0.304,345,462,0.747,261,960,303,178,41,447,451
"166","Maryland-Eastern Shore","maryland-eastern-shore",31,14,17,0.452,-7.93,-5.16,NA,8,6,NA,8,6,NA,4,7,NA,1902,1885,NA,1250,666,1765,0.377,108,415,0.26,462,672,0.688,488,1275,337,305,72,645,691
"167","Massachusetts","massachusetts",32,17,15,0.531,1.03,-4.62,NA,11,7,NA,9,7,NA,8,7,NA,2059,1878,NA,1285,771,1883,0.409,158,475,0.333,359,483,0.743,415,1212,473,271,82,525,516
"168","Massachusetts-Lowell","massachusetts-lowell",28,3,25,0.107,-22.12,-7.12,NA,1,15,NA,1,12,NA,2,11,NA,1325,1745,NA,1125,532,1443,0.369,61,267,0.228,200,351,0.57,237,867,265,227,76,481,520
"169","McNeese State","mcneese-state",31,10,21,0.323,-19.34,-4.82,NA,5,15,NA,5,10,NA,4,10,NA,1912,2091,NA,1240,698,1882,0.371,165,550,0.3,351,525,0.669,379,1230,355,231,102,561,566
"170","Memphis","memphis",30,7,23,0.233,-4.79,3.68,NA,5,13,NA,6,9,NA,1,13,NA,2067,2321,NA,1200,758,1904,0.398,197,559,0.352,354,516,0.686,383,1117,371,219,99,488,531
"171","Mercer","mercer",30,8,22,0.267,-17.32,-5.69,NA,3,11,NA,5,10,NA,3,11,NA,1574,1923,NA,1200,576,1540,0.374,77,299,0.258,345,477,0.723,233,945,297,209,98,469,439
"172","Mercyhurst","mercyhurst",27,9,18,0.333,-22.87,-15.16,NA,6,10,NA,7,5,NA,2,13,NA,1754,1838,NA,1095,606,1468,0.413,181,573,0.316,361,494,0.731,195,847,289,174,33,489,507
"173","Merrimack","merrimack",31,14,17,0.452,-12.41,-8.99,NA,9,11,NA,10,3,NA,3,13,NA,1845,1951,NA,1240,657,1728,0.38,172,613,0.281,359,492,0.73,371,1119,366,266,52,587,567
"174","Miami (FL)","miami-fl",29,14,15,0.483,10.77,12.35,NA,4,14,NA,10,7,NA,2,8,NA,2006,2052,NA,1165,759,1699,0.447,181,587,0.308,305,401,0.761,281,1042,431,201,50,462,438
"175","Miami (OH)","miami-oh",31,19,12,0.613,0.61,-4.22,NA,11,7,NA,9,6,NA,9,5,NA,2060,1833,NA,1255,761,1795,0.424,226,692,0.327,312,411,0.759,302,1063,406,355,91,526,599
"176","Michigan NCAA","michigan",34,23,11,0.676,28.1,16.87,NA,11,7,NA,12,3,NA,6,5,NA,2635,2253,NA,1361,969,2147,0.451,255,710,0.359,442,590,0.749,406,1271,535,280,75,522,603
"177","Michigan State NCAA","michigan-state",32,22,10,0.688,28.77,14.84,NA,11,7,NA,13,2,NA,5,6,NA,2498,2052,NA,1280,893,2015,0.443,216,643,0.336,496,680,0.729,397,1187,565,389,163,492,576
"178","Middle Tennessee","middle-tennessee",35,26,9,0.743,12.8,1,NA,16,2,NA,13,0,NA,10,6,NA,2240,1827,NA,1405,793,1923,0.412,211,686,0.308,443,601,0.737,333,1269,406,260,207,459,515
"179","Milwaukee","milwaukee",32,8,24,0.25,-12.65,-4.39,NA,5,15,NA,5,9,NA,2,14,NA,1949,2180,NA,1300,698,1775,0.393,219,705,0.311,334,469,0.712,287,1092,424,189,95,515,521
"180","Minnesota","minnesota",36,25,11,0.694,22.04,10.06,NA,8,10,NA,14,4,NA,5,6,NA,2644,2213,NA,1450,985,2258,0.436,243,750,0.324,431,578,0.746,449,1382,569,275,69,407,535
"181","Mississippi NCAA","mississippi",33,22,11,0.667,31.19,15.01,NA,10,6,NA,11,4,NA,8,3,NA,2485,1951,NA,1318,919,2116,0.434,166,552,0.301,481,681,0.706,522,1283,538,365,143,441,571
"182","Mississippi State NCAA","mississippi-state",34,22,12,0.647,23.43,12.58,NA,7,9,NA,10,4,NA,6,7,NA,2550,2181,NA,1370,964,2127,0.453,221,676,0.327,401,555,0.723,452,1374,510,304,152,577,556
"183","Mississippi Valley State","mississippi-valley-state",31,8,23,0.258,-24.66,-10.37,NA,6,12,NA,6,5,NA,1,17,NA,1848,2291,NA,1245,655,1875,0.349,162,647,0.25,376,556,0.676,395,1118,329,278,73,574,651
"184","Missouri","missouri",32,14,18,0.438,14.12,13.21,NA,3,13,NA,10,9,NA,3,7,NA,2195,2166,NA,1280,798,1843,0.433,227,620,0.366,372,525,0.709,371,1137,403,254,77,512,584
"185","Missouri State","missouri-state",35,26,9,0.743,11.85,1.77,NA,16,4,NA,15,1,NA,9,5,NA,2584,2231,NA,1415,961,2174,0.442,220,632,0.348,442,657,0.673,436,1367,521,289,87,480,565
"186","Monmouth","monmouth",31,16,15,0.516,-10.41,-9.48,NA,10,8,NA,10,4,NA,5,10,NA,1930,1959,NA,1250,725,1747,0.415,139,527,0.264,341,492,0.693,385,1245,361,160,152,546,423
"187","Montana","montana",32,14,18,0.438,-2.85,1.65,NA,8,10,NA,9,5,NA,3,10,NA,2126,2198,NA,1280,774,1864,0.415,282,825,0.342,296,382,0.775,286,1118,465,186,98,451,484
"188","Montana State NCAA","montana-state",34,30,4,0.882,12.05,-1.73,NA,17,1,NA,13,1,NA,11,3,NA,2444,1902,NA,1365,851,2024,0.42,269,798,0.337,473,608,0.778,404,1159,489,490,117,516,535
"189","Morehead State","morehead-state",30,10,20,0.333,-17.75,-7.45,NA,5,15,NA,6,9,NA,3,11,NA,2027,2181,NA,1205,744,1844,0.403,139,496,0.28,400,592,0.676,378,1116,350,304,121,544,586
"190","Morgan State","morgan-state",30,13,17,0.433,-18.69,-9.99,NA,6,8,NA,8,4,NA,4,11,NA,1780,1947,NA,1200,636,1738,0.366,116,473,0.245,392,643,0.61,470,1109,293,278,102,571,604
"191","Mount St. Mary's","mount-st-mary-s",31,15,16,0.484,-6.75,-7.78,NA,12,8,NA,7,6,NA,7,9,NA,1983,1951,NA,1255,692,1771,0.391,258,733,0.352,341,482,0.707,296,1048,413,292,83,525,552
"192","Murray State NCAA","murray-state",33,25,8,0.758,15.7,1.55,NA,16,4,NA,12,2,NA,10,5,NA,2865,2398,NA,1320,998,2199,0.454,331,945,0.35,538,671,0.802,378,1292,591,268,73,435,526
"193","Navy","navy",31,19,12,0.613,-6.1,-9.2,NA,11,7,NA,9,8,NA,9,4,NA,2045,1894,NA,1260,754,2020,0.373,205,677,0.303,332,478,0.695,434,1250,409,251,111,418,538
"194","NC State NCAA","nc-state",35,28,7,0.8,30.22,18.45,NA,16,2,NA,18,0,NA,7,3,NA,2690,2278,NA,1410,1020,2283,0.447,247,744,0.332,403,588,0.685,411,1446,481,221,149,407,424
"195","Nebraska NCAA","nebraska",33,21,12,0.636,21.98,14.71,NA,10,8,NA,13,4,NA,5,6,NA,2491,2251,NA,1330,897,1992,0.45,273,731,0.373,424,576,0.736,385,1261,593,225,105,484,538
"196","Nevada","nevada",32,11,21,0.344,-5.08,0.65,NA,6,12,NA,8,8,NA,3,9,NA,1995,2104,NA,1287,729,1862,0.392,163,568,0.287,374,501,0.747,409,1161,374,214,69,486,563
"197","Nevada-Las Vegas","nevada-las-vegas",34,26,8,0.765,15.14,2.52,NA,16,2,NA,17,2,NA,8,5,NA,2551,2122,NA,1370,937,2144,0.437,247,724,0.341,430,572,0.752,393,1320,501,244,95,357,489
"198","New Hampshire","new-hampshire",30,10,20,0.333,-15.2,-7.85,NA,4,12,NA,5,7,NA,5,13,NA,1590,1754,NA,1203,574,1623,0.354,148,577,0.256,294,399,0.737,343,1030,274,225,65,487,407
"199","New Mexico","new-mexico",32,18,14,0.563,1.1,0.1,NA,11,7,NA,12,8,NA,6,5,NA,2254,2194,NA,1285,839,1956,0.429,239,720,0.332,337,490,0.688,347,1249,473,254,145,502,499
"200","New Mexico State","new-mexico-state",34,18,16,0.529,1.17,1.95,NA,10,8,NA,11,3,NA,6,10,NA,2204,2161,NA,1365,798,1901,0.42,192,609,0.315,416,568,0.732,284,1003,395,341,43,513,703
"201","New Orleans","new-orleans",29,5,24,0.172,-14.71,-3.13,NA,5,15,NA,2,9,NA,3,15,NA,1756,2092,NA,1165,627,1783,0.352,135,504,0.268,367,527,0.696,378,1108,337,252,57,535,564
"202","Niagara","niagara",28,3,25,0.107,-28.59,-6.4,NA,2,18,NA,2,11,NA,1,14,NA,1599,2177,NA,1120,580,1664,0.349,128,466,0.275,311,468,0.665,327,832,265,342,61,661,580
"203","Nicholls State","nicholls-state",31,17,14,0.548,-6.59,-7.32,NA,9,11,NA,7,6,NA,7,7,NA,1882,1844,NA,1240,674,1685,0.4,183,583,0.314,351,521,0.674,307,1062,348,285,69,524,589
"204","NJIT","njit",30,11,19,0.367,-11.92,-10.55,NA,8,8,NA,7,7,NA,4,12,NA,1910,1951,NA,1205,722,1721,0.42,218,686,0.318,248,396,0.626,284,1021,366,216,129,461,497
"205","Norfolk State NCAA","norfolk-state",35,30,5,0.857,8.34,-7.18,NA,14,0,NA,13,0,NA,12,3,NA,2599,1982,NA,1400,984,2242,0.439,243,731,0.332,388,550,0.705,475,1325,507,460,187,495,566
"206","North Alabama","north-alabama",30,13,17,0.433,-11.98,-8.08,NA,8,10,NA,9,5,NA,4,12,NA,2006,2046,NA,1210,748,1764,0.424,188,554,0.339,322,431,0.747,336,1145,391,142,94,469,472
"207","North Carolina NCAA","north-carolina",37,29,8,0.784,28.2,15.85,NA,13,5,NA,14,4,NA,9,1,NA,2576,2119,NA,1485,968,2297,0.421,269,803,0.335,371,556,0.667,429,1435,512,290,146,478,561
"208","North Carolina A&T","north-carolina-a-t",31,19,12,0.613,-0.3,-5.95,NA,15,3,NA,11,3,NA,7,8,NA,1969,1721,NA,1245,729,1785,0.408,147,509,0.289,364,530,0.687,406,1211,434,248,106,494,415
"209","North Carolina Central","north-carolina-central",30,9,21,0.3,-24.16,-3.78,NA,6,8,NA,5,6,NA,4,14,NA,1820,2376,NA,1210,643,1745,0.368,141,515,0.274,393,634,0.62,375,1113,288,248,155,730,616
"210","North Dakota","north-dakota",31,12,19,0.387,-6.85,-0.85,NA,6,10,NA,8,6,NA,2,10,NA,2056,2173,NA,1252,708,1661,0.426,178,604,0.295,462,607,0.761,260,1115,298,195,118,580,555
"211","North Dakota State","north-dakota-state",33,21,12,0.636,2.29,-0.93,NA,11,5,NA,13,3,NA,6,7,NA,2302,2155,NA,1322,804,1883,0.427,192,594,0.323,502,670,0.749,363,1187,411,223,113,539,601
"212","North Florida","north-florida",31,5,26,0.161,-21.81,-4.91,NA,1,17,NA,5,10,NA,0,16,NA,1923,2288,NA,1245,695,1809,0.384,210,755,0.278,323,446,0.724,325,1032,328,243,60,550,544
"213","North Texas","north-texas",34,25,9,0.735,6.62,-0.59,NA,15,3,NA,16,1,NA,8,7,NA,2376,2131,NA,1375,867,2084,0.416,140,480,0.292,502,761,0.66,463,1391,426,298,113,548,557
"214","Northeastern","northeastern",28,3,25,0.107,-26.61,-8.83,NA,2,16,NA,2,10,NA,1,14,NA,1398,1896,NA,1120,522,1452,0.36,141,526,0.268,213,324,0.657,243,868,272,150,37,492,372
"215","Northern Arizona","northern-arizona",35,27,8,0.771,7.12,0.26,NA,16,2,NA,12,1,NA,12,6,NA,2777,2511,NA,1405,975,2354,0.414,311,963,0.323,516,677,0.762,471,1524,565,231,136,483,571
"216","Northern Colorado","northern-colorado",31,14,17,0.452,-4.91,-1.98,NA,6,12,NA,10,5,NA,3,11,NA,1976,1895,NA,1250,731,1707,0.428,162,511,0.317,352,505,0.697,365,1073,369,319,70,561,509
"217","Northern Illinois","northern-illinois",30,13,17,0.433,-8.81,-3.43,NA,6,12,NA,6,8,NA,6,9,NA,2025,2133,NA,1215,744,1692,0.44,227,605,0.375,310,438,0.708,250,1071,427,167,66,518,464
"218","Northern Iowa","northern-iowa",34,17,17,0.5,9.23,5.74,NA,11,9,NA,9,6,NA,6,8,NA,2519,2361,NA,1365,934,2100,0.445,253,709,0.357,398,562,0.708,325,1181,468,307,127,439,542
"219","Northern Kentucky","northern-kentucky",32,11,21,0.344,-8.58,-3.97,NA,8,12,NA,6,8,NA,5,12,NA,2090,2219,NA,1285,758,1876,0.404,223,694,0.321,351,501,0.701,326,1133,431,228,59,482,507
"220","Northwestern","northwestern",27,9,18,0.333,7.44,14,NA,2,14,NA,6,11,NA,2,6,NA,1841,2018,NA,1085,707,1644,0.43,99,346,0.286,328,490,0.669,281,984,476,180,107,387,475
"221","Northwestern State","northwestern-state",32,16,16,0.5,-6.93,-3.99,NA,12,8,NA,9,5,NA,6,10,NA,2008,1936,NA,1280,715,1872,0.382,223,749,0.298,355,504,0.704,404,1313,390,228,119,578,542
"222","Notre Dame NCAA","notre-dame",34,28,6,0.824,39.83,17.36,NA,16,2,NA,16,1,NA,11,1,NA,2870,2106,NA,1375,1100,2268,0.485,246,634,0.388,424,548,0.774,423,1447,592,392,185,502,522
"223","Oakland","oakland",31,9,22,0.29,-15.05,-1.52,NA,6,14,NA,4,8,NA,5,12,NA,1842,2204,NA,1250,688,1763,0.39,158,545,0.29,308,450,0.684,298,975,362,296,109,496,541
"224","Ohio","ohio",29,6,23,0.207,-19.13,-1.53,NA,4,14,NA,4,11,NA,2,12,NA,1689,2122,NA,1160,583,1579,0.369,217,758,0.286,306,449,0.682,217,903,296,253,58,522,441
"225","Ohio State NCAA","ohio-state",33,26,7,0.788,29.74,15.49,NA,13,5,NA,16,1,NA,6,5,NA,2583,2102,NA,1335,963,2123,0.454,212,619,0.342,445,650,0.685,366,1169,484,404,130,439,533
"226","Oklahoma NCAA","oklahoma",35,27,8,0.771,33.41,17.64,NA,11,5,NA,15,2,NA,8,3,NA,2963,2411,NA,1406,1091,2398,0.455,297,925,0.321,484,674,0.718,512,1671,760,309,134,658,653
"227","Oklahoma State NCAA","oklahoma-state",32,25,7,0.781,24.98,8.95,NA,14,4,NA,17,1,NA,6,3,NA,2446,1933,NA,1285,879,1961,0.448,260,767,0.339,428,609,0.703,384,1297,442,260,130,477,541
"228","Old Dominion","old-dominion",34,18,16,0.529,-0.37,-0.71,NA,9,9,NA,11,6,NA,6,8,NA,2277,2229,NA,1375,811,2163,0.375,201,693,0.29,454,664,0.684,556,1449,399,273,114,538,600
"229","Omaha","omaha",31,14,17,0.452,-9.53,-0.08,NA,5,11,NA,7,6,NA,5,10,NA,2099,2279,NA,1250,767,1842,0.416,156,506,0.308,409,546,0.749,292,1051,368,233,43,512,528
"230","Oral Roberts","oral-roberts",33,24,9,0.727,6.28,1.11,NA,12,4,NA,14,1,NA,8,7,NA,2737,2436,NA,1335,1041,2252,0.462,205,670,0.306,450,634,0.71,382,1274,509,338,74,441,561
"231","Oregon NCAA","oregon",32,20,12,0.625,22.82,17.88,NA,10,8,NA,15,3,NA,4,6,NA,2177,2019,NA,1290,829,1943,0.427,165,538,0.307,354,513,0.69,356,1127,453,285,79,435,532
"232","Oregon State NCAA","oregon-state",35,19,16,0.543,4.12,4.09,NA,12,8,NA,8,4,NA,6,9,NA,2183,2154,NA,1430,786,1924,0.409,192,679,0.283,419,560,0.748,372,1367,447,209,123,549,480
"233","Pacific","pacific",34,15,19,0.441,-1.75,0.47,NA,9,11,NA,8,8,NA,4,9,NA,2215,2248,NA,1395,832,2051,0.406,145,517,0.28,406,570,0.712,413,1206,492,334,148,598,615
"234","Penn State","penn-state",29,10,19,0.345,12.72,12.27,NA,1,17,NA,7,9,NA,1,10,NA,2092,2079,NA,1165,809,1753,0.461,172,496,0.347,302,434,0.696,351,1090,512,246,108,588,459
"235","Pennsylvania","pennsylvania",28,15,13,0.536,-1.01,-1.66,NA,6,8,NA,7,6,NA,5,6,NA,1827,1724,NA,1125,659,1636,0.403,188,623,0.302,321,439,0.731,316,1017,401,201,102,367,406
"236","Pepperdine","pepperdine",30,8,22,0.267,-10.78,-1.45,NA,3,17,NA,5,8,NA,3,13,NA,1688,1968,NA,1215,603,1602,0.376,185,612,0.302,297,428,0.694,243,988,352,178,94,461,421
"237","Pittsburgh","pittsburgh",32,13,19,0.406,5.29,9.82,NA,5,13,NA,9,7,NA,4,8,NA,2000,2145,NA,1280,698,1836,0.38,188,580,0.324,416,577,0.721,334,1179,410,259,126,551,514
"238","Portland","portland",36,31,5,0.861,9.08,-1.72,NA,17,3,NA,15,2,NA,13,2,NA,2726,2281,NA,1460,946,2165,0.437,242,735,0.329,592,759,0.78,444,1288,624,372,145,537,661
"239","Portland State","portland-state",28,4,24,0.143,-15.24,-2.89,NA,1,17,NA,3,11,NA,1,12,NA,1564,1910,NA,1135,582,1521,0.383,130,488,0.266,270,370,0.73,302,906,289,209,82,460,443
"240","Prairie View","prairie-view",29,10,19,0.345,-24.22,-11.49,NA,6,12,NA,7,5,NA,2,13,NA,1737,1950,NA,1170,625,1604,0.39,134,457,0.293,353,517,0.683,293,945,324,209,104,560,595
"241","Presbyterian","presbyterian",30,6,24,0.2,-26.54,-14.03,NA,4,12,NA,2,11,NA,4,10,NA,1658,2001,NA,1209,637,1690,0.377,113,465,0.243,271,417,0.65,358,1069,298,199,61,601,567
"242","Princeton NCAA","princeton",29,21,8,0.724,12.62,3.14,NA,12,2,NA,11,1,NA,10,5,NA,1933,1658,NA,1160,741,1606,0.461,177,517,0.342,274,372,0.737,306,1018,431,180,114,423,427
"243","Providence","providence",32,13,19,0.406,4.05,9.08,NA,6,12,NA,8,7,NA,4,9,NA,1797,1921,NA,1295,654,1642,0.398,148,539,0.275,341,476,0.716,303,1101,354,214,133,572,483
"244","Purdue","purdue",29,10,19,0.345,5.44,17.31,NA,3,15,NA,8,9,NA,2,8,NA,1839,2183,NA,1160,712,1683,0.423,170,530,0.321,245,349,0.702,258,981,418,213,96,502,529
"245","Purdue Fort Wayne","purdue-fort-wayne",36,27,9,0.75,6.92,-5.38,NA,18,2,NA,15,2,NA,11,4,NA,2735,2170,NA,1456,999,2226,0.449,338,896,0.377,399,526,0.759,346,1271,515,344,93,441,536
"246","Queens (NC)","queens-nc",29,10,19,0.345,-18.56,-9.04,NA,4,14,NA,6,9,NA,4,10,NA,1895,2031,NA,1180,694,1784,0.389,136,490,0.278,371,552,0.672,395,1071,336,239,80,486,610
"247","Quinnipiac","quinnipiac",33,28,5,0.848,2.76,-7.15,NA,18,2,NA,13,1,NA,12,3,NA,2230,1903,NA,1329,834,1904,0.438,211,616,0.343,351,474,0.741,297,1080,444,232,67,397,480
"248","Radford","radford",31,14,17,0.452,-16.7,-10.46,NA,10,6,NA,8,5,NA,5,10,NA,1936,2031,NA,1255,700,1719,0.407,232,679,0.342,304,442,0.688,302,1080,379,211,71,555,529
"249","Rhode Island","rhode-island",33,17,16,0.515,4.42,-0.58,NA,11,7,NA,10,5,NA,6,8,NA,1988,1823,NA,1325,749,1917,0.391,204,684,0.298,286,415,0.689,464,1266,417,241,132,467,467
"250","Rice","rice",34,17,17,0.5,5.15,2.13,NA,7,11,NA,11,5,NA,2,10,NA,2240,2137,NA,1380,842,2072,0.406,208,685,0.304,348,485,0.718,429,1400,484,234,144,548,587
"251","Richmond NCAA","richmond",35,28,7,0.8,19.65,5.2,NA,17,1,NA,12,2,NA,11,2,NA,2519,2013,NA,1400,920,1866,0.493,328,854,0.384,351,462,0.76,279,1181,612,242,135,508,421
"252","Rider","rider",29,7,22,0.241,-20.28,-11.14,NA,5,15,NA,4,10,NA,3,12,NA,1624,1889,NA,1160,598,1502,0.398,94,375,0.251,334,478,0.699,258,964,355,226,84,581,531
"253","Robert Morris","robert-morris",31,15,16,0.484,-9.19,-7.02,NA,10,10,NA,9,7,NA,6,8,NA,1871,1912,NA,1245,683,1704,0.401,145,520,0.279,360,501,0.719,331,1113,343,223,112,519,542
"254","Rutgers","rutgers",33,13,20,0.394,7.81,11.2,NA,3,15,NA,12,9,NA,1,10,NA,2239,2351,NA,1325,829,2061,0.402,185,612,0.302,396,593,0.668,455,1294,393,260,135,505,587
"255","Sacramento State","sacramento-state",33,15,18,0.455,-6.53,-4.31,NA,7,11,NA,9,6,NA,4,9,NA,2088,2097,NA,1325,743,1804,0.412,203,622,0.326,399,559,0.714,311,1156,466,281,114,593,624
"256","Sacred Heart","sacred-heart",29,9,20,0.31,-14.64,-8.5,NA,5,15,NA,7,7,NA,2,13,NA,1708,1863,NA,1165,638,1682,0.379,113,463,0.244,319,516,0.618,349,1026,311,287,69,471,469
"257","Saint Francis (PA)","saint-francis-pa",30,11,19,0.367,-26.34,-15.24,NA,9,7,NA,5,8,NA,6,11,NA,1643,1976,NA,1216,617,1556,0.397,165,500,0.33,244,368,0.663,262,1032,336,156,52,551,466
"258","Saint Joseph's","saint-joseph-s",34,24,10,0.706,12.74,1.95,NA,12,6,NA,13,4,NA,8,5,NA,2347,1919,NA,1370,865,1965,0.44,231,685,0.337,386,505,0.764,406,1279,577,217,102,469,484
"259","Saint Louis","saint-louis",34,15,19,0.441,-4.56,1.74,NA,7,11,NA,9,6,NA,4,10,NA,2248,2462,NA,1370,799,2058,0.388,169,664,0.255,481,611,0.787,430,1260,380,342,94,610,640
"260","Saint Mary's (CA)","saint-mary-s-ca",31,14,17,0.452,-3.94,-1.84,NA,10,10,NA,7,6,NA,5,10,NA,1925,1990,NA,1265,734,1699,0.432,155,485,0.32,302,405,0.746,259,980,459,277,89,504,564
"261","Saint Peter's","saint-peter-s",30,11,19,0.367,-15.25,-9.75,NA,9,11,NA,7,5,NA,4,13,NA,1597,1762,NA,1200,584,1609,0.363,210,734,0.286,219,329,0.666,272,956,396,199,48,428,414
"262","Sam Houston","sam-houston",30,13,17,0.433,-9.19,-2.37,NA,5,13,NA,8,6,NA,4,10,NA,1820,1893,NA,1205,654,1756,0.372,71,321,0.221,441,683,0.646,445,1072,375,348,48,590,587
"263","Samford","samford",31,12,19,0.387,-12.28,-1.58,NA,7,7,NA,8,6,NA,4,11,NA,2075,2197,NA,1260,714,1760,0.406,227,663,0.342,420,620,0.677,315,1078,412,224,89,517,524
"264","San Diego","san-diego",31,7,24,0.226,-9.56,-1.83,NA,2,18,NA,4,11,NA,2,12,NA,1876,2016,NA,1250,734,1803,0.407,76,328,0.232,332,451,0.736,402,1123,410,255,91,546,560
"265","San Diego State NCAA","san-diego-state",35,25,10,0.714,5.5,0.9,NA,11,7,NA,10,5,NA,10,4,NA,2407,2156,NA,1430,892,2059,0.433,182,540,0.337,441,588,0.75,355,1252,461,281,122,469,603
"266","San Francisco","san-francisco",31,15,16,0.484,2.52,0.26,NA,11,9,NA,9,5,NA,5,10,NA,2020,1950,NA,1240,698,1782,0.392,222,692,0.321,402,551,0.73,382,1173,432,239,120,495,502
"267","San Jose State","san-jose-state",32,10,22,0.313,-11.32,-1.36,NA,3,15,NA,7,10,NA,2,10,NA,2091,2307,NA,1285,752,1908,0.394,210,684,0.307,377,552,0.683,404,1225,403,208,58,559,644
"268","Santa Clara","santa-clara",31,14,17,0.452,-4.72,0.7,NA,8,12,NA,7,8,NA,6,6,NA,1928,2000,NA,1260,723,1798,0.402,174,593,0.293,308,431,0.715,311,1146,421,157,102,452,498
"269","Seattle","seattle",30,4,26,0.133,-22.98,-4.94,NA,1,15,NA,2,10,NA,1,14,NA,1741,2219,NA,1199,626,1682,0.372,200,712,0.281,289,422,0.685,303,983,348,259,59,620,532
"270","Seton Hall","seton-hall",33,23,10,0.697,11.23,7.83,NA,13,5,NA,14,5,NA,8,2,NA,2056,1944,NA,1325,751,1949,0.385,190,707,0.269,364,469,0.776,392,1111,435,357,83,461,524
"271","Siena","siena",31,17,14,0.548,-10.37,-9.21,NA,14,6,NA,10,5,NA,7,8,NA,2003,2039,NA,1240,733,1772,0.414,173,554,0.312,364,484,0.752,375,1091,419,242,103,548,549
"272","South Alabama","south-alabama",30,6,24,0.2,-16.55,-3.12,NA,2,16,NA,4,8,NA,2,14,NA,1877,2211,NA,1210,673,1754,0.384,157,557,0.282,374,561,0.667,399,1104,326,233,100,603,594
"273","South Carolina NCAA","south-carolina",39,35,4,0.897,44.5,23.4,NA,15,1,NA,16,1,NA,8,2,NA,3086,2263,NA,1560,1176,2527,0.465,224,659,0.34,510,671,0.76,538,1634,636,356,223,484,522
"274","South Carolina State","south-carolina-state",31,2,29,0.065,-31.68,-10.51,NA,1,13,NA,2,11,NA,0,15,NA,1544,2200,NA,1240,547,1507,0.363,86,342,0.251,364,565,0.644,290,967,210,249,35,695,516
"275","South Carolina Upstate","south-carolina-upstate",30,9,21,0.3,-26.8,-10.69,NA,6,10,NA,5,9,NA,4,11,NA,1598,2022,NA,1212,573,1557,0.368,148,489,0.303,304,439,0.692,329,1148,333,153,82,674,576
"276","South Dakota","south-dakota",31,11,20,0.355,-9.43,0.21,NA,5,11,NA,9,7,NA,1,10,NA,2041,2239,NA,1250,718,1771,0.405,250,804,0.311,355,471,0.754,174,992,333,150,68,362,383
"277","South Dakota State NCAA","south-dakota-state",34,30,4,0.882,16.75,4.69,NA,16,0,NA,14,1,NA,11,2,NA,2574,2123,NA,1360,950,1979,0.48,259,702,0.369,415,578,0.718,328,1325,568,199,135,448,499
"278","South Florida NCAA","south-florida",34,23,11,0.676,11.35,7,NA,13,4,NA,14,3,NA,6,4,NA,2244,2096,NA,1380,846,2042,0.414,181,533,0.34,371,524,0.708,437,1270,491,282,106,501,545
"279","Southeast Missouri State","southeast-missouri-state",29,6,23,0.207,-19.95,-5.27,NA,4,16,NA,4,10,NA,2,13,NA,1783,2142,NA,1160,653,1769,0.369,194,631,0.307,283,397,0.713,293,907,344,241,108,522,608
"280","Southeastern Louisiana","southeastern-louisiana",32,26,6,0.813,3.62,-6.35,NA,19,1,NA,13,0,NA,11,4,NA,2075,1695,NA,1280,779,1902,0.41,116,387,0.3,401,571,0.702,397,1163,385,365,63,384,569
"281","Southern NCAA","southern",36,21,15,0.583,-4.72,-3.25,NA,15,3,NA,9,2,NA,8,11,NA,2117,2076,NA,1445,760,2070,0.367,184,625,0.294,413,630,0.656,415,1181,450,393,104,529,728
"282","Southern California NCAA","southern-california",35,31,4,0.886,39.46,18.18,NA,16,1,NA,16,1,NA,9,1,NA,2823,2078,NA,1400,1007,2290,0.44,234,729,0.321,575,744,0.773,486,1477,599,386,235,520,562
"283","Southern Illinois","southern-illinois",30,4,26,0.133,-19.44,1.15,NA,2,18,NA,2,12,NA,2,13,NA,1732,2293,NA,1200,637,1799,0.354,136,492,0.276,322,467,0.69,376,1086,322,218,116,536,522
"284","SIU Edwardsville","siu-edwardsville",29,6,23,0.207,-18.46,-6.13,NA,4,16,NA,4,10,NA,2,13,NA,1825,2135,NA,1171,658,1750,0.376,233,726,0.321,276,416,0.663,326,1063,385,194,57,502,561
"285","Southern Indiana","southern-indiana",36,23,13,0.639,-0.64,-5.52,NA,12,8,NA,14,3,NA,5,9,NA,2565,2281,NA,1445,945,2149,0.44,227,651,0.349,448,606,0.739,421,1361,523,335,83,574,646
"286","Southern Methodist","southern-methodist",30,10,20,0.333,7.55,11.69,NA,2,16,NA,7,9,NA,2,10,NA,1937,2061,NA,1210,718,1894,0.379,170,587,0.29,331,477,0.694,429,1191,363,219,99,464,523
"287","Southern Mississippi","southern-mississippi",31,10,21,0.323,-10.22,-1.81,NA,5,13,NA,8,6,NA,2,11,NA,1892,2090,NA,1240,718,1757,0.409,185,537,0.345,271,415,0.653,318,1095,415,220,69,548,512
"288","Southern Utah","southern-utah",30,9,21,0.3,-12.95,-2.53,NA,7,9,NA,5,9,NA,4,9,NA,1800,2001,NA,1200,663,1682,0.394,181,652,0.278,293,405,0.723,339,1093,437,182,108,530,495
"289","St. Bonaventure","st-bonaventure",30,6,24,0.2,-18.78,-2.65,NA,2,16,NA,4,10,NA,2,13,NA,1593,2077,NA,1200,561,1557,0.36,182,589,0.309,289,393,0.735,192,873,274,179,54,494,404
"290","St. John's (NY)","st-john-s-ny",31,16,15,0.516,11.3,7.43,NA,5,13,NA,9,6,NA,6,8,NA,1874,1754,NA,1250,696,1672,0.416,192,613,0.313,290,381,0.761,251,915,371,271,57,408,435
"291","St. Thomas","st-thomas",30,16,14,0.533,-4.27,-2.77,NA,8,8,NA,10,5,NA,6,8,NA,2140,2075,NA,1205,790,1782,0.443,175,548,0.319,385,504,0.764,303,1038,455,226,105,448,543
"292","Stanford","stanford",31,16,15,0.516,17.36,13.91,NA,8,10,NA,14,4,NA,2,9,NA,2255,2148,NA,1260,829,1861,0.445,233,642,0.363,364,492,0.74,327,1172,437,196,99,460,482
"293","Stephen F. Austin NCAA","stephen-f-austin",35,29,6,0.829,5.89,-4.99,NA,16,4,NA,13,1,NA,10,5,NA,2701,2198,NA,1410,930,2033,0.457,327,915,0.357,514,703,0.731,384,1386,546,349,111,637,545
"294","Stetson","stetson",31,16,15,0.516,-12.26,-7.4,NA,10,8,NA,12,3,NA,3,11,NA,2095,2139,NA,1244,760,1852,0.41,197,626,0.315,378,503,0.751,333,1146,411,231,104,524,477
"295","Stonehill","stonehill",33,17,16,0.515,-20.14,-16.14,NA,11,5,NA,10,5,NA,7,11,NA,2098,2183,NA,1330,782,1895,0.413,239,728,0.328,295,368,0.802,354,1185,542,150,86,547,482
"296","Stony Brook","stony-brook",30,12,18,0.4,-11.13,-7.13,NA,7,11,NA,10,5,NA,2,12,NA,1766,1844,NA,1210,641,1674,0.383,129,490,0.263,355,504,0.704,352,1124,271,165,68,442,423
"297","Syracuse","syracuse",30,12,18,0.4,11.48,12.38,NA,6,12,NA,8,8,NA,3,8,NA,2116,2143,NA,1205,803,1923,0.418,166,499,0.333,344,470,0.732,434,1158,475,265,132,479,434
"298","Tarleton State","tarleton-state",34,20,14,0.588,-1.79,-4.48,NA,10,6,NA,13,3,NA,5,9,NA,2172,1988,NA,1360,798,1951,0.409,191,611,0.313,385,513,0.75,454,1293,428,241,115,559,590
"299","TCU NCAA","tcu",38,34,4,0.895,32.94,13.86,NA,16,2,NA,21,0,NA,7,2,NA,2914,2189,NA,1520,1063,2236,0.475,354,940,0.377,434,569,0.763,398,1452,696,219,220,470,548
"300","Temple","temple",31,20,11,0.645,7.07,2.87,NA,13,5,NA,8,5,NA,10,5,NA,2068,1938,NA,1245,765,1976,0.387,188,584,0.322,350,475,0.737,428,1203,406,301,103,485,508
"301","Tennessee NCAA","tennessee",34,24,10,0.706,33.85,17.33,NA,8,8,NA,13,4,NA,6,4,NA,2945,2383,NA,1360,1110,2528,0.439,343,1054,0.325,382,561,0.681,573,1375,529,385,105,485,672
"302","Tennessee State","tennessee-state",31,10,21,0.323,-14.78,-6.25,NA,6,14,NA,7,6,NA,3,14,NA,2005,2251,NA,1250,730,1918,0.381,167,648,0.258,378,614,0.616,413,1140,301,328,106,551,649
"303","Tennessee Tech NCAA","tennessee-tech",32,26,6,0.813,0.67,-5.87,NA,18,2,NA,14,0,NA,10,6,NA,2280,2032,NA,1285,767,1807,0.424,241,675,0.357,505,657,0.769,379,1193,453,267,143,534,537
"304","Tennessee-Martin","tennessee-martin",32,13,19,0.406,-5.83,-3.12,NA,10,10,NA,8,8,NA,5,8,NA,2157,2193,NA,1285,755,1794,0.421,176,582,0.302,471,618,0.762,274,1036,377,307,107,513,593
"305","Texas NCAA","texas",39,35,4,0.897,41.02,19.32,NA,15,1,NA,17,0,NA,10,2,NA,3036,2190,NA,1565,1145,2486,0.461,122,405,0.301,624,825,0.756,595,1538,626,397,200,511,684
"306","Texas A&M","texas-a-m",29,10,19,0.345,8.67,16.08,NA,3,13,NA,9,7,NA,0,9,NA,1783,1998,NA,1160,662,1662,0.398,116,463,0.251,343,500,0.686,368,1117,370,165,129,521,489
"307","Texas A&M-Corpus Christi","texas-a-m-corpus-christi",32,15,17,0.469,-8.73,-5.4,NA,7,13,NA,7,8,NA,6,8,NA,1959,1868,NA,1285,735,1874,0.392,136,476,0.286,353,562,0.628,407,1262,416,307,115,542,540
"308","Texas Southern","texas-southern",33,17,16,0.515,-13.9,-9.62,NA,14,4,NA,11,2,NA,5,13,NA,2184,2229,NA,1324,795,2111,0.377,142,629,0.226,452,703,0.643,524,1384,381,308,152,570,585
"309","Texas State","texas-state",30,13,17,0.433,-9.55,-2.37,NA,7,11,NA,5,10,NA,8,6,NA,1864,1985,NA,1200,655,1669,0.392,129,469,0.275,425,613,0.693,363,1062,343,241,48,544,572
"310","Texas Tech","texas-tech",37,19,18,0.514,13.16,12.67,NA,4,14,NA,11,6,NA,4,10,NA,2357,2339,NA,1485,821,2019,0.407,246,779,0.316,469,674,0.696,440,1239,431,331,159,663,740
"311","Texas-Rio Grande Valley","texas-rio-grande-valley",32,16,16,0.5,-7.66,-4.09,NA,11,9,NA,10,6,NA,6,9,NA,1945,1948,NA,1290,681,1874,0.363,228,773,0.295,355,503,0.706,394,1290,448,167,86,520,521
"312","Toledo","toledo",33,24,9,0.727,3.2,-0.02,NA,13,5,NA,13,2,NA,7,5,NA,2277,2090,NA,1320,822,1835,0.448,210,641,0.328,423,582,0.727,369,1222,462,237,88,549,564
"313","Towson","towson",32,12,20,0.375,-9.56,-6.59,NA,8,10,NA,5,8,NA,4,10,NA,1893,1988,NA,1280,696,1834,0.379,160,564,0.284,341,495,0.689,389,1221,340,211,100,552,487
"314","Troy","troy",38,24,14,0.632,4.72,-0.34,NA,13,5,NA,12,2,NA,9,10,NA,3045,2794,NA,1540,1142,2685,0.425,244,806,0.303,517,714,0.724,614,1864,584,319,180,642,729
"315","Tulane","tulane",30,17,13,0.567,4.43,1.17,NA,9,8,NA,10,5,NA,5,6,NA,2050,1952,NA,1201,752,1798,0.418,193,588,0.328,353,542,0.651,340,1196,420,245,113,571,468
"316","Tulsa","tulsa",32,17,15,0.531,2.21,0.11,NA,11,7,NA,11,4,NA,5,7,NA,2158,2091,NA,1290,771,1971,0.391,262,839,0.312,354,509,0.695,349,1213,464,316,118,539,589
"317","UAB","uab",32,16,16,0.5,-2.76,-1.31,NA,7,11,NA,9,5,NA,6,9,NA,2145,2159,NA,1295,776,1873,0.414,269,811,0.332,324,445,0.728,278,1182,459,214,142,526,512
"318","UC Davis","uc-davis",33,21,12,0.636,0.16,-6.65,NA,13,7,NA,11,4,NA,8,7,NA,2196,1842,NA,1330,777,1867,0.416,261,790,0.33,381,525,0.726,310,1312,479,253,143,525,531
"319","UC Irvine","uc-irvine",31,21,10,0.677,-1.22,-7.02,NA,15,5,NA,12,2,NA,9,7,NA,1862,1682,NA,1245,651,1841,0.354,203,712,0.285,357,475,0.752,388,1168,366,261,103,392,486
"320","UC Riverside","uc-riverside",32,17,15,0.531,-7.92,-7.25,NA,12,8,NA,9,3,NA,7,11,NA,1870,1843,NA,1289,693,1846,0.375,181,603,0.3,303,448,0.676,367,1099,374,299,57,455,479
"321","UC San Diego NCAA","uc-san-diego",36,20,16,0.556,-3.29,-6.94,NA,13,7,NA,9,8,NA,8,7,NA,2298,2098,NA,1465,843,2196,0.384,219,745,0.294,393,561,0.701,411,1334,417,404,107,534,607
"322","UC Santa Barbara","uc-santa-barbara",31,18,13,0.581,-6.51,-8.47,NA,12,8,NA,10,6,NA,7,6,NA,1955,1818,NA,1250,644,1664,0.387,225,710,0.317,442,547,0.808,299,1082,296,166,77,441,559
"323","UCF","ucf",30,12,18,0.4,5.89,10.76,NA,4,14,NA,9,7,NA,2,9,NA,2030,2176,NA,1200,748,1802,0.415,123,413,0.298,411,578,0.711,375,1121,339,237,87,477,483
"324","UCLA NCAA","ucla",37,34,3,0.919,37.95,18.68,NA,15,2,NA,14,1,NA,10,1,NA,2883,2170,NA,1480,1093,2278,0.48,260,775,0.335,437,599,0.73,499,1573,747,264,198,564,574
"325","UNC Asheville","unc-asheville",31,4,27,0.129,-27.47,-14.09,NA,1,15,NA,2,12,NA,1,14,NA,1805,2084,NA,1245,650,1789,0.363,164,639,0.257,341,466,0.732,382,1072,341,244,57,594,574
"326","UNC Greensboro NCAA","unc-greensboro",32,25,7,0.781,-0.92,-6.2,NA,13,1,NA,14,0,NA,7,6,NA,2040,1676,NA,1290,717,1808,0.397,198,625,0.317,408,584,0.699,404,1184,341,287,102,446,449
"327","UNC Wilmington","unc-wilmington",32,14,18,0.438,-12.8,-6.5,NA,8,10,NA,8,7,NA,4,10,NA,2053,2124,NA,1300,762,1894,0.402,181,595,0.304,348,478,0.728,316,1160,418,235,110,533,437
"328","UT Arlington","ut-arlington",32,18,14,0.563,-2.67,-3.3,NA,10,6,NA,12,1,NA,4,12,NA,2310,2159,NA,1280,835,1968,0.424,134,489,0.274,506,707,0.716,381,1199,496,314,142,527,591
"329","Utah NCAA","utah",31,22,9,0.71,26.1,13.2,NA,13,5,NA,14,2,NA,7,4,NA,2368,1968,NA,1250,846,1823,0.464,308,838,0.368,368,489,0.753,314,1124,571,237,91,497,495
"330","Utah State","utah-state",31,4,27,0.129,-12.48,0.07,NA,3,15,NA,3,10,NA,1,14,NA,2030,2419,NA,1250,723,1957,0.369,256,889,0.288,328,473,0.693,351,1066,355,268,83,524,589
"331","Utah Tech","utah-tech",31,6,25,0.194,-18.09,-3.82,NA,1,15,NA,4,11,NA,1,13,NA,1946,2316,NA,1241,640,1778,0.36,277,892,0.311,389,564,0.69,305,1074,402,286,93,574,509
"332","Utah Valley","utah-valley",32,19,13,0.594,-4.3,-5.54,NA,9,7,NA,10,4,NA,7,7,NA,2105,1972,NA,1290,731,1852,0.395,178,628,0.283,465,680,0.684,432,1185,459,413,123,595,622
"333","UTEP","utep",30,11,19,0.367,-9.05,-1.98,NA,4,14,NA,8,8,NA,3,10,NA,1816,1983,NA,1205,681,1668,0.408,150,485,0.309,304,420,0.724,313,1066,382,189,53,527,506
"334","UTSA","utsa",31,26,5,0.839,9.45,-0.1,NA,17,1,NA,13,0,NA,11,4,NA,2046,1750,NA,1240,749,1865,0.402,161,562,0.286,387,527,0.734,489,1260,440,238,125,511,532
"335","Valparaiso","valparaiso",32,13,19,0.406,-6.11,0.19,NA,9,11,NA,9,6,NA,3,11,NA,2050,2167,NA,1290,711,1711,0.416,245,749,0.327,383,526,0.728,211,932,400,314,101,573,616
"336","Vanderbilt NCAA","vanderbilt",33,22,11,0.667,28.9,14.68,NA,8,8,NA,13,4,NA,7,4,NA,2748,2279,NA,1340,1008,2246,0.449,229,683,0.335,503,644,0.781,488,1254,544,409,85,455,551
"337","Vermont NCAA","vermont",34,21,13,0.618,4.4,-4.39,NA,13,3,NA,13,2,NA,7,9,NA,2071,1797,NA,1365,814,1766,0.461,185,545,0.339,258,366,0.705,265,1052,449,231,119,425,482
"338","Villanova","villanova",36,21,15,0.583,12.23,12.93,NA,11,7,NA,11,5,NA,8,6,NA,2296,2321,NA,1440,865,2089,0.414,248,755,0.328,318,431,0.738,310,1150,513,244,128,455,602
"339","Virginia","virginia",32,17,15,0.531,13.14,10.55,NA,8,10,NA,9,8,NA,6,4,NA,2244,2161,NA,1280,821,1946,0.422,222,720,0.308,380,527,0.721,372,1253,472,259,178,507,469
"340","Virginia Commonwealth","virginia-commonwealth",31,12,19,0.387,0.4,-1.22,NA,6,12,NA,6,9,NA,5,7,NA,1800,1750,NA,1245,656,1668,0.393,192,574,0.334,296,436,0.679,389,1153,369,216,96,539,490
"341","Virginia Tech","virginia-tech",32,19,13,0.594,17.55,12.11,NA,9,9,NA,12,6,NA,6,4,NA,2392,2218,NA,1300,879,1897,0.463,223,592,0.377,411,539,0.763,298,1104,508,177,117,486,493
"342","Wagner","wagner",29,8,21,0.276,-29.26,-16,NA,5,11,NA,6,7,NA,2,13,NA,1711,1926,NA,1175,613,1606,0.382,156,535,0.292,329,456,0.721,317,998,335,198,94,517,528
"343","Wake Forest","wake-forest",29,9,20,0.31,8.15,12.46,NA,2,16,NA,8,9,NA,1,11,NA,1787,1912,NA,1165,667,1566,0.426,159,531,0.299,294,414,0.71,237,894,394,257,77,497,491
"344","Washington NCAA","washington",33,19,14,0.576,20.63,12.9,NA,9,9,NA,12,6,NA,5,5,NA,2379,2124,NA,1320,936,1952,0.48,255,689,0.37,252,325,0.775,327,1125,470,227,138,498,485
"345","Washington State","washington-state",35,21,14,0.6,4.24,2.83,NA,14,6,NA,11,4,NA,7,8,NA,2337,2261,NA,1410,871,2088,0.417,245,779,0.315,350,478,0.732,364,1280,487,219,220,485,579
"346","Weber State","weber-state",29,13,16,0.448,-7.93,-2.57,NA,10,8,NA,7,5,NA,6,10,NA,1869,1966,NA,1175,642,1606,0.4,199,581,0.343,386,507,0.761,313,1070,384,218,79,528,453
"347","West Georgia","west-georgia",30,13,17,0.433,-13.55,-8.26,NA,7,11,NA,8,5,NA,5,11,NA,2019,2061,NA,1215,733,1785,0.411,187,642,0.291,366,549,0.667,383,1132,409,232,74,514,510
"348","West Virginia NCAA","west-virginia",33,25,8,0.758,32.12,12.73,NA,13,5,NA,16,0,NA,5,6,NA,2477,1837,NA,1320,890,1996,0.446,230,713,0.323,467,615,0.759,417,1149,442,450,73,516,558
"349","Western Carolina","western-carolina",30,13,17,0.433,-11.79,-6.79,NA,3,11,NA,7,6,NA,6,10,NA,2096,2049,NA,1215,759,1737,0.437,175,558,0.314,403,534,0.755,343,1109,425,210,80,518,552
"350","Western Illinois","western-illinois",34,17,17,0.5,-6.77,-6.99,NA,8,12,NA,10,5,NA,5,11,NA,2433,2340,NA,1365,864,1976,0.437,223,658,0.339,482,620,0.777,347,1274,455,215,93,536,576
"351","Western Kentucky","western-kentucky",32,23,9,0.719,5.06,-2.04,NA,13,5,NA,12,2,NA,9,5,NA,2326,2031,NA,1285,859,1929,0.445,256,755,0.339,352,477,0.738,329,1037,525,356,82,457,520
"352","Western Michigan","western-michigan",30,12,18,0.4,-9.49,-2.11,NA,8,10,NA,6,8,NA,6,9,NA,1728,1920,NA,1200,608,1527,0.398,212,660,0.321,300,458,0.655,248,901,368,261,72,501,529
"353","Wichita State","wichita-state",32,10,22,0.313,-2.64,3.36,NA,4,14,NA,7,9,NA,3,10,NA,1990,2162,NA,1285,748,1986,0.377,159,578,0.275,335,525,0.638,370,1234,390,248,114,500,584
"354","William & Mary NCAA","william-mary",35,16,19,0.457,-11.44,-5.47,NA,8,10,NA,5,6,NA,4,13,NA,2168,2347,NA,1420,819,2104,0.389,202,704,0.287,328,457,0.718,379,1273,489,265,108,577,602
"355","Winthrop","winthrop",31,16,15,0.516,-19.12,-13.91,NA,9,7,NA,9,4,NA,5,9,NA,1886,1901,NA,1245,676,1726,0.392,123,442,0.278,411,572,0.719,357,1118,322,266,43,546,492
"356","Wisconsin","wisconsin",30,13,17,0.433,8.49,14.66,NA,4,14,NA,9,6,NA,2,9,NA,1965,2150,NA,1212,731,1704,0.429,180,533,0.338,323,458,0.705,302,1020,466,188,94,455,417
"357","Wofford","wofford",29,17,12,0.586,-4.41,-3.41,NA,8,6,NA,12,2,NA,4,9,NA,1928,1737,NA,1170,687,1796,0.383,207,696,0.297,347,449,0.773,382,1149,359,229,63,423,476
"358","Wright State","wright-state",32,10,22,0.313,-14.61,-6.36,NA,7,13,NA,8,7,NA,2,13,NA,2030,2287,NA,1285,719,1881,0.382,203,672,0.302,389,539,0.722,328,1093,349,226,90,510,550
"359","Wyoming","wyoming",34,22,12,0.647,8.79,3.45,NA,14,4,NA,11,3,NA,7,7,NA,2214,2005,NA,1380,847,1862,0.455,210,625,0.336,310,450,0.689,302,1218,551,195,119,480,453
"360","Xavier","xavier",31,7,24,0.226,-5.64,5.68,NA,1,17,NA,5,10,NA,0,12,NA,1585,1936,NA,1240,593,1483,0.4,187,608,0.308,212,325,0.652,172,831,382,234,78,624,545
"361","Yale","yale",27,4,23,0.148,-17.72,-0.76,NA,3,11,NA,2,11,NA,2,12,NA,1436,1894,NA,1080,555,1537,0.361,107,468,0.229,219,331,0.662,327,908,270,180,51,490,486
"362","Youngstown State","youngstown-state",31,12,19,0.387,-13.93,-6.36,NA,7,13,NA,9,6,NA,3,11,NA,1852,1948,NA,1250,666,1762,0.378,181,639,0.283,339,480,0.706,340,1113,398,217,103,522,515
