Unnamed: 0_level_0,Basic Box Score Stats,Basic Box Score Stats,Basic Box Score Stats,Basic Box Score Stats,Basic Box Score Stats,Basic Box Score Stats,Basic Box Score Stats,Basic Box Score Stats,Basic Box Score Stats,Basic Box Score Stats,Basic Box Score Stats,Basic Box Score Stats,Basic Box Score Stats,Basic Box Score Stats,Basic Box Score Stats,Basic Box Score Stats,Basic Box Score Stats,Basic Box Score Stats,Basic Box Score Stats,Basic Box Score Stats,Basic Box Score Stats,Basic Box Score Stats,Basic Box Score Stats
Starters,MP,FG,FGA,FG%,2P,2PA,2P%,3P,3PA,3P%,FT,FTA,FT%,ORB,DRB,TRB,AST,STL,BLK,TOV,PF,PTS,GmSc
Douthsine Prien,33,0,2,.000,0,2,.000,0,0,,3,4,.750,1,5,6,5,1,0,4,4,3,2.3
Shaniah Nunn,30,6,11,.545,6,11,.545,0,0,,1,2,.500,3,8,11,0,1,1,3,4,13,8.9
Arianna Mosley,25,1,8,.125,0,4,.000,1,4,.250,0,0,,1,0,1,0,0,0,1,2,3,-3.3
Monica Marsh,25,2,8,.250,2,4,.500,0,4,.000,6,8,.750,1,1,2,2,2,0,0,5,10,6.8
Zaria Johnson,21,2,6,.333,2,5,.400,0,1,.000,1,2,.500,4,3,7,0,0,0,3,3,5,0.7
Reserves,MP,FG,FGA,FG%,2P,2PA,2P%,3P,3PA,3P%,FT,FTA,FT%,ORB,DRB,TRB,AST,STL,BLK,TOV,PF,PTS,GmSc
Jakiylah Esco,21,4,8,.500,4,8,.500,0,0,,1,4,.250,2,3,5,0,2,2,2,1,9,7.1
Alisha Murray,14,1,1,1.000,1,1,1.000,0,0,,0,0,,0,2,2,0,0,0,2,3,2,-0.9
Alieghya Bartholomew,10,4,8,.500,1,2,.500,3,6,.500,0,0,,0,1,1,1,1,0,7,2,11,1.2
Claire Simmons,9,0,1,.000,0,0,,0,1,.000,2,2,1.000,0,2,2,1,1,0,0,3,2,2.4
D'Mya Griffin,8,0,2,.000,0,0,,0,2,.000,0,0,,0,0,0,0,1,0,2,0,0,-2.4
Zhaniah Ervin,3,0,1,.000,0,1,.000,0,0,,0,0,,0,0,0,0,0,0,0,1,0,-1.1
Deborrah Seitu-Redmon,2,0,0,,0,0,,0,0,,0,0,,0,0,0,0,0,0,0,0,0,0.0
School Totals,201,20,56,.357,16,38,.421,4,18,.222,14,22,.636,12,25,37,9,9,3,24,28,58,
