Unnamed: 0_level_0,Advanced Box Score Stats,Advanced Box Score Stats,Advanced Box Score Stats,Advanced Box Score Stats,Advanced Box Score Stats,Advanced Box Score Stats,Advanced Box Score Stats,Advanced Box Score Stats,Advanced Box Score Stats,Advanced Box Score Stats,Advanced Box Score Stats,Advanced Box Score Stats,Advanced Box Score Stats,Advanced Box Score Stats,Advanced Box Score Stats,Advanced Box Score Stats
Starters,MP,TS%,eFG%,3PAr,FTr,ORB%,DRB%,TRB%,AST%,STL%,BLK%,TOV%,USG%,ORtg,DRtg,BPM
Berry Wallace,36,.631,.615,.538,.077,3.3,10.7,6.9,0.0,0.0,2.4,18.2,20.5,106,105,
Cearah Parchment,31,.629,.571,.143,.286,11.6,20.6,16.0,14.4,0.0,0.0,6.0,24.3,134,106,
Gretchen Dolan,31,.167,.167,.167,.000,7.9,12.6,10.2,5.1,1.7,2.9,0.0,17.7,54,101,
Jasmine Brown-Hagger,27,.508,.500,.000,1.000,0.0,0.0,0.0,16.7,1.9,0.0,41.0,8.1,80,105,
Destiny Jackson,20,.503,.429,.000,.286,6.1,25.8,15.6,27.2,2.6,0.0,27.6,24.6,89,99,
Reserves,MP,TS%,eFG%,3PAr,FTr,ORB%,DRB%,TRB%,AST%,STL%,BLK%,TOV%,USG%,ORtg,DRtg,BPM
Maddie Webber,28,.362,.273,.182,.273,4.3,27.6,15.6,18.0,0.0,0.0,24.5,26.3,71,104,
Aaliyah Guyton,18,.500,.500,.000,.000,13.6,29.0,21.1,9.6,0.0,0.0,0.0,10.2,127,104,
Lety Vasconcelos,7,.667,.667,.000,.000,0.0,0.0,0.0,0.0,0.0,0.0,57.1,47.2,46,109,
Naomi Benson,2,,,,,0.0,0.0,0.0,0.0,0.0,0.0,,0.0,,109,
School Totals,200,.481,.439,.197,.182,30.3,80.6,54.7,46.4,3.8,4.4,19.2,100.0,88.5,100.0,
